ride_id,time_s,gear,cassette_zone,terrain,cadence,power,speed_kph,grade,distance_m,shift_event
R001_0513_GR,0.0,"1x15,1,10",unknown,rolling,0.0,0.0,0.0,0.0,0.0,False
R001_0513_GR,1.0,"1x15,1,10",unknown,rolling,0.0,0.0,0.0,0.0,0.0,False
R001_0513_GR,2.0,"1x15,1,10",unknown,rolling,0.0,0.0,0.0,0.0,0.0,False
R001_0513_GR,3.0,"1x15,1,10",unknown,rolling,0.0,0.0,0.0,0.0,0.0,False
R001_0513_GR,4.0,"1x15,1,10",unknown,rolling,0.0,0.0,0.0,0.0,0.0,False
R001_0513_GR,5.0,"1x15,1,10",unknown,rolling,0.0,0.0,0.0,0.0,0.0,False
R001_0513_GR,6.0,"1x15,1,10",unknown,rolling,0.0,0.0,0.0,0.0,0.0,False
R001_0513_GR,7.0,"1x15,1,10",unknown,rolling,0.0,0.0,0.0,0.0,0.0,False
R001_0513_GR,8.0,"1x15,1,10",unknown,rolling,0.0,0.0,0.0,0.0,0.0,False
R001_0513_GR,9.0,"1x15,1,10",unknown,rolling,0.0,0.0,0.0,0.0,0.0,False
R001_0513_GR,10.0,"1x15,1,10",unknown,rolling,0.0,0.0,0.0,0.0,0.0,False
R001_0513_GR,11.0,"1x15,1,10",unknown,rolling,0.0,0.0,0.0,0.0,0.0,False
R001_0513_GR,12.0,"1x15,1,10",unknown,rolling,0.0,0.0,0.0,0.0,0.0,False
R001_0513_GR,13.0,"1x19,1,8",unknown,descending,0.0,0.0,0.0,-0.07,0.0,True
R001_0513_GR,14.0,"1x19,1,8",unknown,descending,0.0,0.0,0.0,-0.04,0.0,False
R001_0513_GR,15.0,"1x19,1,8",unknown,rolling,0.0,0.0,0.0,-0.01,0.0,False
R001_0513_GR,16.0,"1x25,1,6",unknown,rolling,0.0,0.0,0.0,0.0,0.0,True
R001_0513_GR,17.0,"1x25,1,6",unknown,climbing,0.0,0.0,0.0,0.04,0.0,False
R001_0513_GR,18.0,"1x25,1,6",unknown,climbing,0.0,0.0,0.0,0.05,0.0,False
R001_0513_GR,19.0,"1x25,1,6",unknown,climbing,0.0,0.0,0.0,0.07,0.0,False
R001_0513_GR,20.0,"1x25,1,6",unknown,climbing,0.0,0.0,0.0,0.06,0.0,False
R001_0513_GR,21.0,"1x25,1,6",unknown,climbing,0.0,0.0,0.0,0.05,0.0,False
R001_0513_GR,22.0,"1x25,1,6",unknown,climbing,0.0,0.0,0.0,0.09,0.0,False
R001_0513_GR,23.0,"1x25,1,6",unknown,climbing,0.0,0.0,0.0,0.08,0.0,False
R001_0513_GR,24.0,"1x25,1,6",unknown,climbing,0.0,0.0,0.0,0.05,0.0,False
R001_0513_GR,25.0,"1x25,1,6",unknown,rolling,0.0,0.0,0.0,0.02,0.0,False
R001_0513_GR,26.0,"1x28,1,5",unknown,rolling,0.0,0.0,0.0,0.03,0.0,True
R001_0513_GR,27.0,"1x28,1,5",unknown,climbing,0.0,0.0,0.0,0.08,0.0,False
R001_0513_GR,28.0,"1x28,1,5",unknown,climbing,0.0,0.0,0.0,0.07,0.0,False
R001_0513_GR,29.0,"1x28,1,5",unknown,climbing,0.0,0.0,0.0,0.05,0.0,False
R001_0513_GR,30.0,"1x32,1,4",unknown,climbing,0.0,0.0,0.0,0.06,0.0,True
R001_0513_GR,31.0,"1x32,1,4",unknown,climbing,0.0,0.0,0.0,0.08,0.0,False
R001_0513_GR,32.0,"1x32,1,4",unknown,climbing,0.0,0.0,0.0,0.07,0.0,False
R001_0513_GR,33.0,"1x32,1,4",unknown,climbing,0.0,0.0,0.0,0.1,0.0,False
R001_0513_GR,34.0,"1x28,1,5",unknown,climbing,0.0,0.0,0.0,0.11,0.0,True
R001_0513_GR,35.0,"1x28,1,5",unknown,climbing,0.0,0.0,0.0,0.08,0.0,False
R001_0513_GR,36.0,"1x28,1,5",unknown,climbing,0.0,0.0,0.0,0.09,0.0,False
R001_0513_GR,37.0,"1x28,1,5",unknown,climbing,0.0,0.0,0.0,0.07,0.0,False
R001_0513_GR,38.0,"1x32,1,4",unknown,climbing,0.0,0.0,0.0,0.07,0.0,True
R001_0513_GR,39.0,"1x32,1,4",unknown,climbing,0.0,0.0,0.0,0.07,0.0,False
R001_0513_GR,40.0,"1x36,1,3",unknown,climbing,0.0,0.0,0.0,0.07,0.0,True
R001_0513_GR,41.0,"1x36,1,3",unknown,climbing,0.0,0.0,0.0,0.08,0.0,False
R001_0513_GR,42.0,"1x32,1,4",unknown,climbing,0.0,0.0,0.0,0.08,0.0,True
R001_0513_GR,43.0,"1x32,1,4",unknown,climbing,0.0,0.0,0.0,0.09,0.0,False
R001_0513_GR,44.0,"1x36,1,3",unknown,climbing,0.0,0.0,0.0,0.06,0.0,True
R001_0513_GR,45.0,"1x36,1,3",unknown,climbing,0.0,0.0,0.0,0.06,0.0,False
R001_0513_GR,46.0,"1x36,1,3",unknown,climbing,0.0,0.0,0.0,0.06,0.0,False
R001_0513_GR,47.0,"1x36,1,3",unknown,climbing,0.0,0.0,0.0,0.06,0.0,False
R001_0513_GR,48.0,"1x36,1,3",unknown,climbing,0.0,0.0,0.0,0.09,0.0,False
R001_0513_GR,49.0,"1x28,1,5",unknown,climbing,0.0,0.0,0.0,0.08,0.0,True
R001_0513_GR,50.0,"1x32,1,4",unknown,rolling,0.0,0.0,0.0,0.03,0.0,True
R001_0513_GR,51.0,"1x28,1,5",unknown,climbing,0.0,0.0,0.0,0.06,0.0,True
R001_0513_GR,52.0,"1x28,1,5",unknown,climbing,0.0,0.0,0.0,0.09,0.0,False
R001_0513_GR,53.0,"1x36,1,3",unknown,climbing,0.0,0.0,0.0,0.06,0.0,True
R001_0513_GR,54.0,"1x36,1,3",unknown,climbing,0.0,0.0,0.0,0.05,0.0,False
R001_0513_GR,55.0,"1x36,1,3",unknown,climbing,0.0,0.0,0.0,0.07,0.0,False
R001_0513_GR,56.0,"1x36,1,3",unknown,climbing,0.0,0.0,0.0,0.06,0.0,False
R001_0513_GR,57.0,"1x36,1,3",unknown,climbing,0.0,0.0,0.0,0.06,0.0,False
R001_0513_GR,58.0,"1x36,1,3",unknown,climbing,0.0,0.0,0.0,0.07,0.0,False
R001_0513_GR,59.0,"1x36,1,3",unknown,climbing,0.0,0.0,0.0,0.07,0.0,False
R001_0513_GR,60.0,"1x36,1,3",unknown,climbing,0.0,0.0,0.0,0.09,0.0,False
R001_0513_GR,61.0,"1x32,1,4",unknown,climbing,0.0,0.0,0.0,0.11,0.0,True
R001_0513_GR,62.0,"1x36,1,3",unknown,climbing,0.0,0.0,0.0,0.08,0.0,True
R001_0513_GR,63.0,"1x36,1,3",unknown,climbing,0.0,0.0,0.0,0.05,0.0,False
R001_0513_GR,64.0,"1x36,1,3",unknown,climbing,0.0,0.0,0.0,0.06,0.0,False
R001_0513_GR,65.0,"1x36,1,3",unknown,climbing,0.0,0.0,0.0,0.06,0.0,False
R001_0513_GR,66.0,"1x36,1,3",unknown,climbing,0.0,0.0,0.0,0.07,0.0,False
R001_0513_GR,67.0,"1x36,1,3",unknown,climbing,0.0,0.0,0.0,0.06,0.0,False
R001_0513_GR,68.0,"1x36,1,3",unknown,climbing,0.0,0.0,0.0,0.05,0.0,False
R001_0513_GR,69.0,"1x32,1,4",unknown,climbing,0.0,0.0,0.0,0.07,0.0,True
R001_0513_GR,70.0,"1x32,1,4",unknown,rolling,0.0,0.0,0.0,0.03,0.0,False
R001_0513_GR,71.0,"1x28,1,5",unknown,rolling,0.0,0.0,0.0,-0.03,0.0,True
R001_0513_GR,72.0,"1x22,1,7",unknown,descending,0.0,0.0,0.0,-0.05,0.0,True
R001_0513_GR,73.0,"1x22,1,7",unknown,rolling,0.0,0.0,0.0,-0.02,0.0,False
R001_0513_GR,74.0,"1x25,1,6",unknown,rolling,0.0,0.0,0.0,0.01,0.0,True
R001_0513_GR,75.0,"1x25,1,6",unknown,rolling,0.0,0.0,0.0,0.03,0.0,False
R001_0513_GR,76.0,"1x25,1,6",unknown,rolling,0.0,0.0,0.0,0.03,0.0,False
R001_0513_GR,77.0,"1x25,1,6",unknown,climbing,0.0,0.0,0.0,0.05,0.0,False
R001_0513_GR,78.0,"1x22,1,7",unknown,rolling,0.0,0.0,0.0,0.03,0.0,True
R001_0513_GR,79.0,"1x19,1,8",unknown,rolling,0.0,0.0,0.0,0.02,0.0,True
R001_0513_GR,80.0,"1x17,1,9",unknown,rolling,0.0,0.0,0.0,-0.02,0.0,True
R001_0513_GR,81.0,"1x17,1,9",unknown,descending,0.0,0.0,0.0,-0.04,0.0,False
R001_0513_GR,82.0,"1x17,1,9",unknown,descending,0.0,0.0,0.0,-0.05,0.0,False
R001_0513_GR,83.0,"1x17,1,9",unknown,descending,0.0,0.0,0.0,-0.05,0.0,False
R001_0513_GR,84.0,"1x19,1,8",unknown,rolling,0.0,0.0,0.0,0.0,0.0,True
R001_0513_GR,85.0,"1x22,1,7",unknown,rolling,0.0,0.0,0.0,0.03,0.0,True
R001_0513_GR,86.0,"1x22,1,7",unknown,rolling,0.0,0.0,0.0,0.02,0.0,False
R001_0513_GR,87.0,"1x28,1,5",unknown,rolling,0.0,0.0,0.0,0.02,0.0,True
R001_0513_GR,88.0,"1x32,1,4",unknown,climbing,0.0,0.0,0.0,0.06,0.0,True
R001_0513_GR,89.0,"1x32,1,4",unknown,climbing,0.0,0.0,0.0,0.09,0.0,False
R001_0513_GR,90.0,"1x32,1,4",unknown,climbing,0.0,0.0,0.0,0.08,0.0,False
R001_0513_GR,91.0,"1x32,1,4",unknown,climbing,0.0,0.0,0.0,0.09,0.0,False
R001_0513_GR,92.0,"1x36,1,3",unknown,climbing,0.0,0.0,0.0,0.07,0.0,True
R001_0513_GR,93.0,"1x36,1,3",unknown,climbing,0.0,0.0,0.0,0.09,0.0,False
R001_0513_GR,94.0,"1x36,1,3",unknown,climbing,0.0,0.0,0.0,0.09,0.0,False
R001_0513_GR,95.0,"1x36,1,3",unknown,climbing,0.0,0.0,0.0,0.13,0.0,False
R001_0513_GR,96.0,"1x32,1,4",unknown,climbing,0.0,0.0,0.0,0.08,0.0,True
R001_0513_GR,97.0,"1x36,1,3",unknown,climbing,0.0,0.0,0.0,0.08,0.0,True
R001_0513_GR,98.0,"1x32,1,4",unknown,rolling,0.0,0.0,0.0,0.01,0.0,True
R001_0513_GR,99.0,"1x32,1,4",unknown,rolling,0.0,0.0,0.0,0.01,0.0,False
R001_0513_GR,100.0,"1x32,1,4",unknown,rolling,0.0,0.0,0.0,0.0,0.0,False
R001_0513_GR,101.0,"1x32,1,4",unknown,rolling,0.0,0.0,0.0,0.0,0.0,False
R001_0513_GR,102.0,"1x32,1,4",unknown,rolling,0.0,0.0,0.0,0.0,0.0,False
R001_0513_GR,103.0,"1x32,1,4",unknown,rolling,0.0,0.0,0.0,0.02,0.0,False
R001_0513_GR,104.0,"1x32,1,4",unknown,rolling,0.0,0.0,0.0,0.0,0.0,False
R001_0513_GR,105.0,"1x28,1,5",unknown,rolling,0.0,0.0,0.0,-0.01,0.0,True
R001_0513_GR,106.0,"1x28,1,5",unknown,rolling,0.0,0.0,0.0,0.02,0.0,False
R001_0513_GR,107.0,"1x32,1,4",unknown,climbing,0.0,0.0,0.0,0.08,0.0,True
R001_0513_GR,108.0,"1x32,1,4",unknown,climbing,0.0,0.0,0.0,0.08,0.0,False
R001_0513_GR,109.0,"1x32,1,4",unknown,climbing,0.0,0.0,0.0,0.05,0.0,False
R001_0513_GR,110.0,"1x32,1,4",unknown,climbing,0.0,0.0,0.0,0.08,0.0,False
R001_0513_GR,111.0,"1x32,1,4",unknown,climbing,0.0,0.0,0.0,0.05,0.0,False
R001_0513_GR,112.0,"1x32,1,4",unknown,climbing,0.0,0.0,0.0,0.07,0.0,False
R001_0513_GR,113.0,"1x32,1,4",unknown,climbing,0.0,0.0,0.0,0.09,0.0,False
R001_0513_GR,114.0,"1x32,1,4",unknown,climbing,0.0,0.0,0.0,0.06,0.0,False
R001_0513_GR,115.0,"1x32,1,4",unknown,climbing,0.0,0.0,0.0,0.07,0.0,False
R001_0513_GR,116.0,"1x28,1,5",unknown,climbing,0.0,0.0,0.0,0.06,0.0,True
R001_0513_GR,117.0,"1x17,1,9",unknown,rolling,0.0,0.0,0.0,-0.01,0.0,True
R001_0513_GR,118.0,"1x15,1,10",unknown,descending,0.0,0.0,0.0,-0.06,0.0,True
R001_0513_GR,119.0,"1x15,1,10",unknown,descending,0.0,0.0,0.0,-0.07,0.0,False
R001_0513_GR,120.0,"1x22,1,7",unknown,rolling,0.0,0.0,0.0,-0.02,0.0,True
R001_0513_GR,121.0,"1x25,1,6",unknown,climbing,0.0,0.0,0.0,0.11,0.0,True
R001_0513_GR,122.0,"1x28,1,5",unknown,climbing,0.0,0.0,0.0,0.08,0.0,True
R001_0513_GR,123.0,"1x28,1,5",unknown,climbing,0.0,0.0,0.0,0.06,0.0,False
R001_0513_GR,124.0,"1x32,1,4",unknown,climbing,0.0,0.0,0.0,0.06,0.0,True
R001_0513_GR,125.0,"1x32,1,4",unknown,climbing,0.0,0.0,0.0,0.06,0.0,False
R001_0513_GR,126.0,"1x36,1,3",unknown,climbing,0.0,0.0,0.0,0.06,0.0,True
R001_0513_GR,127.0,"1x36,1,3",unknown,climbing,0.0,0.0,0.0,0.06,0.0,False
R001_0513_GR,128.0,"1x36,1,3",unknown,climbing,0.0,0.0,0.0,0.07,0.0,False
R001_0513_GR,129.0,"1x36,1,3",unknown,climbing,0.0,0.0,0.0,0.06,0.0,False
R001_0513_GR,130.0,"1x36,1,3",unknown,climbing,0.0,0.0,0.0,0.08,0.0,False
R001_0513_GR,131.0,"1x32,1,4",unknown,climbing,0.0,0.0,0.0,0.08,0.0,True
R001_0513_GR,132.0,"1x32,1,4",unknown,climbing,0.0,0.0,0.0,0.05,0.0,False
R001_0513_GR,133.0,"1x32,1,4",unknown,climbing,0.0,0.0,0.0,0.06,0.0,False
R001_0513_GR,134.0,"1x36,1,3",unknown,climbing,0.0,0.0,0.0,0.07,0.0,True
R001_0513_GR,135.0,"1x36,1,3",unknown,climbing,0.0,0.0,0.0,0.06,0.0,False
R001_0513_GR,136.0,"1x36,1,3",unknown,climbing,0.0,0.0,0.0,0.06,0.0,False
R001_0513_GR,137.0,"1x36,1,3",unknown,climbing,0.0,0.0,0.0,0.08,0.0,False
R001_0513_GR,138.0,"1x36,1,3",unknown,climbing,0.0,0.0,0.0,0.07,0.0,False
R001_0513_GR,139.0,"1x36,1,3",unknown,climbing,0.0,0.0,0.0,0.06,0.0,False
R001_0513_GR,140.0,"1x36,1,3",unknown,climbing,0.0,0.0,0.0,0.07,0.0,False
R001_0513_GR,141.0,"1x36,1,3",unknown,climbing,0.0,0.0,0.0,0.07,0.0,False
R001_0513_GR,142.0,"1x36,1,3",unknown,climbing,0.0,0.0,0.0,0.07,0.0,False
R001_0513_GR,143.0,"1x36,1,3",unknown,climbing,0.0,0.0,0.0,0.05,0.0,False
R001_0513_GR,144.0,"1x36,1,3",unknown,climbing,0.0,0.0,0.0,0.06,0.0,False
R001_0513_GR,145.0,"1x36,1,3",unknown,climbing,0.0,0.0,0.0,0.06,0.0,False
R001_0513_GR,146.0,"1x36,1,3",unknown,climbing,0.0,0.0,0.0,0.07,0.0,False
R001_0513_GR,147.0,"1x36,1,3",unknown,climbing,0.0,0.0,0.0,0.07,0.0,False
R001_0513_GR,148.0,"1x36,1,3",unknown,climbing,0.0,0.0,0.0,0.07,0.0,False
R001_0513_GR,149.0,"1x36,1,3",unknown,climbing,0.0,0.0,0.0,0.07,0.0,False
R001_0513_GR,150.0,"1x36,1,3",unknown,climbing,0.0,0.0,0.0,0.06,0.0,False
R001_0513_GR,151.0,"1x36,1,3",unknown,climbing,0.0,0.0,0.0,0.07,0.0,False
R001_0513_GR,152.0,"1x32,1,4",unknown,climbing,0.0,0.0,0.0,0.09,0.0,True
R001_0513_GR,153.0,"1x36,1,3",unknown,climbing,0.0,0.0,0.0,0.1,0.0,True
R001_0513_GR,154.0,"1x36,1,3",unknown,climbing,0.0,0.0,0.0,0.06,0.0,False
R001_0513_GR,155.0,"1x36,1,3",unknown,rolling,0.0,0.0,0.0,0.02,0.0,False
R001_0513_GR,156.0,"1x32,1,4",unknown,rolling,0.0,0.0,0.0,0.03,0.0,True
R001_0513_GR,157.0,"1x32,1,4",unknown,rolling,0.0,0.0,0.0,0.03,0.0,False
R001_0513_GR,158.0,"1x32,1,4",unknown,climbing,0.0,0.0,0.0,0.04,0.0,False
R001_0513_GR,159.0,"1x32,1,4",unknown,rolling,0.0,0.0,0.0,0.03,0.0,False
R001_0513_GR,160.0,"1x32,1,4",unknown,climbing,0.0,0.0,0.0,0.05,0.0,False
R001_0513_GR,161.0,"1x32,1,4",unknown,climbing,0.0,0.0,0.0,0.04,0.0,False
R001_0513_GR,162.0,"1x32,1,4",unknown,climbing,0.0,0.0,0.0,0.06,0.0,False
R001_0513_GR,163.0,"1x32,1,4",unknown,climbing,0.0,0.0,0.0,0.06,0.0,False
R001_0513_GR,164.0,"1x32,1,4",unknown,climbing,0.0,0.0,0.0,0.05,0.0,False
R001_0513_GR,165.0,"1x32,1,4",unknown,climbing,0.0,0.0,0.0,0.04,0.0,False
R001_0513_GR,166.0,"1x32,1,4",unknown,rolling,0.0,0.0,0.0,0.03,0.0,False
R001_0513_GR,167.0,"1x32,1,4",unknown,climbing,0.0,0.0,0.0,0.07,0.0,False
R001_0513_GR,168.0,"1x32,1,4",unknown,climbing,0.0,0.0,0.0,0.05,0.0,False
R001_0513_GR,169.0,"1x32,1,4",unknown,climbing,0.0,0.0,0.0,0.06,0.0,False
R001_0513_GR,170.0,"1x36,1,3",unknown,climbing,0.0,0.0,0.0,0.05,0.0,True
R001_0513_GR,171.0,"1x36,1,3",unknown,climbing,0.0,0.0,0.0,0.08,0.0,False
R001_0513_GR,172.0,"1x36,1,3",unknown,climbing,0.0,0.0,0.0,0.06,0.0,False
R001_0513_GR,173.0,"1x36,1,3",unknown,climbing,0.0,0.0,0.0,0.07,0.0,False
R001_0513_GR,174.0,"1x36,1,3",unknown,climbing,0.0,0.0,0.0,0.06,0.0,False
R001_0513_GR,175.0,"1x36,1,3",unknown,climbing,0.0,0.0,0.0,0.09,0.0,False
R001_0513_GR,176.0,"1x36,1,3",unknown,climbing,0.0,0.0,0.0,0.06,0.0,False
R001_0513_GR,177.0,"1x36,1,3",unknown,climbing,0.0,0.0,0.0,0.06,0.0,False
R001_0513_GR,178.0,"1x36,1,3",unknown,climbing,0.0,0.0,0.0,0.09,0.0,False
R001_0513_GR,179.0,"1x32,1,4",unknown,climbing,0.0,0.0,0.0,0.06,0.0,True
R001_0513_GR,180.0,"1x28,1,5",unknown,climbing,0.0,0.0,0.0,0.04,0.0,True
R001_0513_GR,181.0,"1x28,1,5",unknown,rolling,0.0,0.0,0.0,0.01,0.0,False
R001_0513_GR,182.0,"1x25,1,6",unknown,rolling,0.0,0.0,0.0,0.0,0.0,True
R001_0513_GR,183.0,"1x25,1,6",unknown,rolling,0.0,0.0,0.0,0.0,0.0,False
R001_0513_GR,184.0,"1x28,1,5",unknown,rolling,0.0,0.0,0.0,0.01,0.0,True
R001_0513_GR,185.0,"1x32,1,4",unknown,climbing,0.0,0.0,0.0,0.07,0.0,True
R001_0513_GR,186.0,"1x32,1,4",unknown,climbing,0.0,0.0,0.0,0.07,0.0,False
R001_0513_GR,187.0,"1x36,1,3",unknown,climbing,0.0,0.0,0.0,0.09,0.0,True
R001_0513_GR,188.0,"1x36,1,3",unknown,climbing,0.0,0.0,0.0,0.04,0.0,False
R001_0513_GR,189.0,"1x36,1,3",unknown,climbing,0.0,0.0,0.0,0.07,0.0,False
R001_0513_GR,190.0,"1x36,1,3",unknown,climbing,0.0,0.0,0.0,0.08,0.0,False
R001_0513_GR,191.0,"1x36,1,3",unknown,climbing,0.0,0.0,0.0,0.07,0.0,False
R001_0513_GR,192.0,"1x36,1,3",unknown,climbing,0.0,0.0,0.0,0.06,0.0,False
R001_0513_GR,193.0,"1x36,1,3",unknown,climbing,0.0,0.0,0.0,0.08,0.0,False
R001_0513_GR,194.0,"1x36,1,3",unknown,climbing,0.0,0.0,0.0,0.07,0.0,False
R001_0513_GR,195.0,"1x36,1,3",unknown,climbing,0.0,0.0,0.0,0.07,0.0,False
R001_0513_GR,196.0,"1x36,1,3",unknown,climbing,0.0,0.0,0.0,0.04,0.0,False
R001_0513_GR,197.0,"1x36,1,3",unknown,climbing,0.0,0.0,0.0,0.05,0.0,False
R001_0513_GR,198.0,"1x36,1,3",unknown,rolling,0.0,0.0,0.0,0.03,0.0,False
R001_0513_GR,199.0,"1x36,1,3",unknown,climbing,0.0,0.0,0.0,0.05,0.0,False
R001_0513_GR,200.0,"1x36,1,3",unknown,climbing,0.0,0.0,0.0,0.05,0.0,False
R001_0513_GR,201.0,"1x36,1,3",unknown,climbing,0.0,0.0,0.0,0.04,0.0,False
R001_0513_GR,202.0,"1x36,1,3",unknown,climbing,0.0,0.0,0.0,0.05,0.0,False
R001_0513_GR,203.0,"1x36,1,3",unknown,climbing,0.0,0.0,0.0,0.04,0.0,False
R001_0513_GR,204.0,"1x36,1,3",unknown,climbing,0.0,0.0,0.0,0.05,0.0,False
R001_0513_GR,205.0,"1x36,1,3",unknown,climbing,0.0,0.0,0.0,0.04,0.0,False
R001_0513_GR,206.0,"1x36,1,3",unknown,climbing,0.0,0.0,0.0,0.06,0.0,False
R001_0513_GR,207.0,"1x36,1,3",unknown,climbing,0.0,0.0,0.0,0.07,0.0,False
R001_0513_GR,208.0,"1x36,1,3",unknown,climbing,0.0,0.0,0.0,0.08,0.0,False
R001_0513_GR,209.0,"1x36,1,3",unknown,climbing,0.0,0.0,0.0,0.08,0.0,False
R001_0513_GR,210.0,"1x36,1,3",unknown,climbing,0.0,0.0,0.0,0.07,0.0,False
R001_0513_GR,211.0,"1x36,1,3",unknown,climbing,0.0,0.0,0.0,0.07,0.0,False
R001_0513_GR,212.0,"1x36,1,3",unknown,climbing,0.0,0.0,0.0,0.07,0.0,False
R001_0513_GR,213.0,"1x36,1,3",unknown,climbing,0.0,0.0,0.0,0.08,0.0,False
R001_0513_GR,214.0,"1x36,1,3",unknown,climbing,0.0,0.0,0.0,0.07,0.0,False
R001_0513_GR,215.0,"1x36,1,3",unknown,climbing,0.0,0.0,0.0,0.07,0.0,False
R001_0513_GR,216.0,"1x36,1,3",unknown,climbing,0.0,0.0,0.0,0.07,0.0,False
R001_0513_GR,217.0,"1x36,1,3",unknown,climbing,0.0,0.0,0.0,0.09,0.0,False
R001_0513_GR,218.0,"1x36,1,3",unknown,climbing,0.0,0.0,0.0,0.08,0.0,False
R001_0513_GR,219.0,"1x42,1,2",unknown,climbing,0.0,0.0,0.0,0.08,0.0,True
R001_0513_GR,220.0,"1x42,1,2",unknown,climbing,0.0,0.0,0.0,0.06,0.0,False
R001_0513_GR,221.0,"1x42,1,2",unknown,climbing,0.0,0.0,0.0,0.06,0.0,False
R001_0513_GR,222.0,"1x42,1,2",unknown,climbing,0.0,0.0,0.0,0.07,0.0,False
R001_0513_GR,223.0,"1x42,1,2",unknown,climbing,0.0,0.0,0.0,0.07,0.0,False
R001_0513_GR,224.0,"1x42,1,2",unknown,climbing,0.0,0.0,0.0,0.06,0.0,False
R001_0513_GR,225.0,"1x42,1,2",unknown,climbing,0.0,0.0,0.0,0.08,0.0,False
R001_0513_GR,226.0,"1x42,1,2",unknown,climbing,0.0,0.0,0.0,0.07,0.0,False
R001_0513_GR,227.0,"1x42,1,2",unknown,climbing,0.0,0.0,0.0,0.07,0.0,False
R001_0513_GR,228.0,"1x42,1,2",unknown,climbing,0.0,0.0,0.0,0.07,0.0,False
R001_0513_GR,229.0,"1x42,1,2",unknown,climbing,0.0,0.0,0.0,0.08,0.0,False
R001_0513_GR,230.0,"1x42,1,2",unknown,climbing,0.0,0.0,0.0,0.07,0.0,False
R001_0513_GR,231.0,"1x42,1,2",unknown,climbing,0.0,0.0,0.0,0.07,0.0,False
R001_0513_GR,232.0,"1x42,1,2",unknown,climbing,0.0,0.0,0.0,0.07,0.0,False
R001_0513_GR,233.0,"1x42,1,2",unknown,climbing,0.0,0.0,0.0,0.06,0.0,False
R001_0513_GR,234.0,"1x42,1,2",unknown,climbing,0.0,0.0,0.0,0.07,0.0,False
R001_0513_GR,235.0,"1x42,1,2",unknown,climbing,0.0,0.0,0.0,0.07,0.0,False
R001_0513_GR,236.0,"1x42,1,2",unknown,climbing,0.0,0.0,0.0,0.07,0.0,False
R001_0513_GR,237.0,"1x42,1,2",unknown,climbing,0.0,0.0,0.0,0.07,0.0,False
R001_0513_GR,238.0,"1x42,1,2",unknown,climbing,0.0,0.0,0.0,0.06,0.0,False
R001_0513_GR,239.0,"1x42,1,2",unknown,climbing,0.0,0.0,0.0,0.05,0.0,False
R001_0513_GR,240.0,"1x42,1,2",unknown,climbing,0.0,0.0,0.0,0.07,0.0,False
R001_0513_GR,241.0,"1x42,1,2",unknown,climbing,0.0,0.0,0.0,0.07,0.0,False
R001_0513_GR,242.0,"1x42,1,2",unknown,climbing,0.0,0.0,0.0,0.07,0.0,False
R001_0513_GR,243.0,"1x42,1,2",unknown,climbing,0.0,0.0,0.0,0.08,0.0,False
R001_0513_GR,244.0,"1x42,1,2",unknown,climbing,0.0,0.0,0.0,0.06,0.0,False
R001_0513_GR,245.0,"1x42,1,2",unknown,climbing,0.0,0.0,0.0,0.06,0.0,False
R001_0513_GR,246.0,"1x42,1,2",unknown,climbing,0.0,0.0,0.0,0.07,0.0,False
R001_0513_GR,247.0,"1x42,1,2",unknown,climbing,0.0,0.0,0.0,0.08,0.0,False
R001_0513_GR,248.0,"1x42,1,2",unknown,climbing,0.0,0.0,0.0,0.07,0.0,False
R001_0513_GR,249.0,"1x42,1,2",unknown,climbing,0.0,0.0,0.0,0.07,0.0,False
R001_0513_GR,250.0,"1x42,1,2",unknown,climbing,0.0,0.0,0.0,0.07,0.0,False
R001_0513_GR,251.0,"1x42,1,2",unknown,climbing,0.0,0.0,0.0,0.08,0.0,False
R001_0513_GR,252.0,"1x42,1,2",unknown,climbing,0.0,0.0,0.0,0.06,0.0,False
R001_0513_GR,253.0,"1x42,1,2",unknown,climbing,0.0,0.0,0.0,0.08,0.0,False
R001_0513_GR,254.0,"1x42,1,2",unknown,climbing,0.0,0.0,0.0,0.06,0.0,False
R001_0513_GR,255.0,"1x42,1,2",unknown,climbing,0.0,0.0,0.0,0.06,0.0,False
R001_0513_GR,256.0,"1x42,1,2",unknown,climbing,0.0,0.0,0.0,0.07,0.0,False
R001_0513_GR,257.0,"1x42,1,2",unknown,climbing,0.0,0.0,0.0,0.07,0.0,False
R001_0513_GR,258.0,"1x42,1,2",unknown,climbing,0.0,0.0,0.0,0.07,0.0,False
R001_0513_GR,259.0,"1x42,1,2",unknown,climbing,0.0,0.0,0.0,0.07,0.0,False
R001_0513_GR,260.0,"1x42,1,2",unknown,climbing,0.0,0.0,0.0,0.06,0.0,False
R001_0513_GR,261.0,"1x42,1,2",unknown,climbing,0.0,0.0,0.0,0.07,0.0,False
R001_0513_GR,262.0,"1x36,1,3",unknown,climbing,0.0,0.0,0.0,0.05,0.0,True
R001_0513_GR,263.0,"1x36,1,3",unknown,rolling,0.0,0.0,0.0,0.02,0.0,False
R001_0513_GR,264.0,"1x42,1,2",unknown,rolling,0.0,0.0,0.0,0.03,0.0,True
R001_0513_GR,265.0,"1x50,1,1",unknown,climbing,0.0,0.0,0.0,0.08,0.0,True
R001_0513_GR,266.0,"1x50,1,1",unknown,climbing,0.0,0.0,0.0,0.08,0.0,False
R001_0513_GR,267.0,"1x50,1,1",unknown,climbing,0.0,0.0,0.0,0.08,0.0,False
R001_0513_GR,268.0,"1x50,1,1",unknown,climbing,0.0,0.0,0.0,0.08,0.0,False
R001_0513_GR,269.0,"1x50,1,1",unknown,climbing,0.0,0.0,0.0,0.1,0.0,False
R001_0513_GR,270.0,"1x50,1,1",unknown,climbing,0.0,0.0,0.0,0.09,0.0,False
R001_0513_GR,271.0,"1x50,1,1",unknown,climbing,0.0,0.0,0.0,0.11,0.0,False
R001_0513_GR,272.0,"1x50,1,1",unknown,climbing,0.0,0.0,0.0,0.12,0.0,False
R001_0513_GR,273.0,"1x50,1,1",unknown,climbing,0.0,0.0,0.0,0.08,0.0,False
R001_0513_GR,274.0,"1x50,1,1",unknown,climbing,0.0,0.0,0.0,0.09,0.0,False
R001_0513_GR,275.0,"1x42,1,2",unknown,climbing,0.0,0.0,0.0,0.09,0.0,True
R001_0513_GR,276.0,"1x42,1,2",unknown,climbing,0.0,0.0,0.0,0.1,0.0,False
R001_0513_GR,277.0,"1x42,1,2",unknown,climbing,0.0,0.0,0.0,0.09,0.0,False
R001_0513_GR,278.0,"1x42,1,2",unknown,climbing,0.0,0.0,0.0,0.07,0.0,False
R001_0513_GR,279.0,"1x28,1,5",unknown,rolling,0.0,0.0,0.0,0.03,0.0,True
R001_0513_GR,280.0,"1x25,1,6",unknown,rolling,0.0,0.0,0.0,-0.01,0.0,True
R001_0513_GR,281.0,"1x22,1,7",unknown,rolling,0.0,0.0,0.0,0.0,0.0,True
R001_0513_GR,282.0,"1x25,1,6",unknown,rolling,0.0,0.0,0.0,0.03,0.0,True
R001_0513_GR,283.0,"1x28,1,5",unknown,climbing,0.0,0.0,0.0,0.05,0.0,True
R001_0513_GR,284.0,"1x28,1,5",unknown,rolling,0.0,0.0,0.0,0.03,0.0,False
R001_0513_GR,285.0,"1x32,1,4",unknown,rolling,0.0,0.0,0.0,0.03,0.0,True
R001_0513_GR,286.0,"1x32,1,4",unknown,climbing,0.0,0.0,0.0,0.05,0.0,False
R001_0513_GR,287.0,"1x32,1,4",unknown,rolling,0.0,0.0,0.0,0.03,0.0,False
R001_0513_GR,288.0,"1x36,1,3",unknown,climbing,0.0,0.0,0.0,0.05,0.0,True
R001_0513_GR,289.0,"1x36,1,3",unknown,climbing,0.0,0.0,0.0,0.06,0.0,False
R001_0513_GR,290.0,"1x36,1,3",unknown,climbing,0.0,0.0,0.0,0.07,0.0,False
R001_0513_GR,291.0,"1x36,1,3",unknown,climbing,0.0,0.0,0.0,0.07,0.0,False
R001_0513_GR,292.0,"1x36,1,3",unknown,climbing,0.0,0.0,0.0,0.07,0.0,False
R001_0513_GR,293.0,"1x36,1,3",unknown,climbing,0.0,0.0,0.0,0.05,0.0,False
R001_0513_GR,294.0,"1x32,1,4",unknown,climbing,0.0,0.0,0.0,0.07,0.0,True
R001_0513_GR,295.0,"1x36,1,3",unknown,climbing,0.0,0.0,0.0,0.06,0.0,True
R001_0513_GR,296.0,"1x42,1,2",unknown,climbing,0.0,0.0,0.0,0.06,0.0,True
R001_0513_GR,297.0,"1x42,1,2",unknown,climbing,0.0,0.0,0.0,0.07,0.0,False
R001_0513_GR,298.0,"1x42,1,2",unknown,climbing,0.0,0.0,0.0,0.06,0.0,False
R001_0513_GR,299.0,"1x42,1,2",unknown,climbing,0.0,0.0,0.0,0.06,0.0,False
R001_0513_GR,300.0,"1x36,1,3",unknown,climbing,0.0,0.0,0.0,0.06,0.0,True
R001_0513_GR,301.0,"1x36,1,3",unknown,climbing,0.0,0.0,0.0,0.05,0.0,False
R001_0513_GR,302.0,"1x36,1,3",unknown,climbing,0.0,0.0,0.0,0.05,0.0,False
R001_0513_GR,303.0,"1x36,1,3",unknown,climbing,0.0,0.0,0.0,0.05,0.0,False
R001_0513_GR,304.0,"1x36,1,3",unknown,climbing,0.0,0.0,0.0,0.05,0.0,False
R001_0513_GR,305.0,"1x36,1,3",unknown,climbing,0.0,0.0,0.0,0.05,0.0,False
R001_0513_GR,306.0,"1x36,1,3",unknown,climbing,0.0,0.0,0.0,0.05,0.0,False
R001_0513_GR,307.0,"1x36,1,3",unknown,climbing,0.0,0.0,0.0,0.04,0.0,False
R001_0513_GR,308.0,"1x36,1,3",unknown,climbing,0.0,0.0,0.0,0.05,0.0,False
R001_0513_GR,309.0,"1x36,1,3",unknown,climbing,0.0,0.0,0.0,0.04,0.0,False
R001_0513_GR,310.0,"1x36,1,3",unknown,climbing,0.0,0.0,0.0,0.04,0.0,False
R001_0513_GR,311.0,"1x36,1,3",unknown,climbing,0.0,0.0,0.0,0.07,0.0,False
R001_0513_GR,312.0,"1x42,1,2",unknown,climbing,0.0,0.0,0.0,0.07,0.0,True
R001_0513_GR,313.0,"1x42,1,2",unknown,climbing,0.0,0.0,0.0,0.07,0.0,False
R001_0513_GR,314.0,"1x42,1,2",unknown,climbing,0.0,0.0,0.0,0.07,0.0,False
R001_0513_GR,315.0,"1x42,1,2",unknown,climbing,0.0,0.0,0.0,0.06,0.0,False
R001_0513_GR,316.0,"1x42,1,2",unknown,climbing,0.0,0.0,0.0,0.06,0.0,False
R001_0513_GR,317.0,"1x42,1,2",unknown,climbing,0.0,0.0,0.0,0.07,0.0,False
R001_0513_GR,318.0,"1x42,1,2",unknown,climbing,0.0,0.0,0.0,0.07,0.0,False
R001_0513_GR,319.0,"1x42,1,2",unknown,climbing,0.0,0.0,0.0,0.07,0.0,False
R001_0513_GR,320.0,"1x42,1,2",unknown,climbing,0.0,0.0,0.0,0.07,0.0,False
R001_0513_GR,321.0,"1x42,1,2",unknown,climbing,0.0,0.0,0.0,0.07,0.0,False
R001_0513_GR,322.0,"1x42,1,2",unknown,climbing,0.0,0.0,0.0,0.05,0.0,False
R001_0513_GR,323.0,"1x42,1,2",unknown,climbing,0.0,0.0,0.0,0.08,0.0,False
R001_0513_GR,324.0,"1x42,1,2",unknown,climbing,0.0,0.0,0.0,0.09,0.0,False
R001_0513_GR,325.0,"1x42,1,2",unknown,climbing,0.0,0.0,0.0,0.06,0.0,False
R001_0513_GR,326.0,"1x42,1,2",unknown,climbing,0.0,0.0,0.0,0.06,0.0,False
R001_0513_GR,327.0,"1x36,1,3",unknown,climbing,0.0,0.0,0.0,0.07,0.0,True
R001_0513_GR,328.0,"1x42,1,2",unknown,climbing,0.0,0.0,0.0,0.06,0.0,True
R001_0513_GR,329.0,"1x42,1,2",unknown,climbing,0.0,0.0,0.0,0.08,0.0,False
R001_0513_GR,330.0,"1x42,1,2",unknown,climbing,0.0,0.0,0.0,0.07,0.0,False
R001_0513_GR,331.0,"1x42,1,2",unknown,climbing,0.0,0.0,0.0,0.06,0.0,False
R001_0513_GR,332.0,"1x36,1,3",unknown,climbing,0.0,0.0,0.0,0.07,0.0,True
R001_0513_GR,333.0,"1x36,1,3",unknown,climbing,0.0,0.0,0.0,0.07,0.0,False
R001_0513_GR,334.0,"1x36,1,3",unknown,climbing,0.0,0.0,0.0,0.05,0.0,False
R001_0513_GR,335.0,"1x36,1,3",unknown,climbing,0.0,0.0,0.0,0.05,0.0,False
R001_0513_GR,336.0,"1x36,1,3",unknown,climbing,0.0,0.0,0.0,0.06,0.0,False
R001_0513_GR,337.0,"1x36,1,3",unknown,climbing,0.0,0.0,0.0,0.04,0.0,False
R001_0513_GR,338.0,"1x36,1,3",unknown,climbing,0.0,0.0,0.0,0.06,0.0,False
R001_0513_GR,339.0,"1x36,1,3",unknown,climbing,0.0,0.0,0.0,0.08,0.0,False
R001_0513_GR,340.0,"1x36,1,3",unknown,climbing,0.0,0.0,0.0,0.06,0.0,False
R001_0513_GR,341.0,"1x36,1,3",unknown,climbing,0.0,0.0,0.0,0.06,0.0,False
R001_0513_GR,342.0,"1x36,1,3",unknown,climbing,0.0,0.0,0.0,0.08,0.0,False
R001_0513_GR,343.0,"1x36,1,3",unknown,climbing,0.0,0.0,0.0,0.06,0.0,False
R001_0513_GR,344.0,"1x32,1,4",unknown,climbing,0.0,0.0,0.0,0.05,0.0,True
R001_0513_GR,345.0,"1x32,1,4",unknown,climbing,0.0,0.0,0.0,0.06,0.0,False
R001_0513_GR,346.0,"1x32,1,4",unknown,rolling,0.0,0.0,0.0,0.02,0.0,False
R001_0513_GR,347.0,"1x32,1,4",unknown,rolling,0.0,0.0,0.0,0.03,0.0,False
R001_0513_GR,348.0,"1x32,1,4",unknown,rolling,0.0,0.0,0.0,0.02,0.0,False
R001_0513_GR,349.0,"1x32,1,4",unknown,climbing,0.0,0.0,0.0,0.04,0.0,False
R001_0513_GR,350.0,"1x32,1,4",unknown,rolling,0.0,0.0,0.0,0.02,0.0,False
R001_0513_GR,351.0,"1x36,1,3",unknown,climbing,0.0,0.0,0.0,0.05,0.0,True
R001_0513_GR,352.0,"1x36,1,3",unknown,climbing,0.0,0.0,0.0,0.06,0.0,False
R001_0513_GR,353.0,"1x36,1,3",unknown,climbing,0.0,0.0,0.0,0.06,0.0,False
R001_0513_GR,354.0,"1x36,1,3",unknown,climbing,0.0,0.0,0.0,0.06,0.0,False
R001_0513_GR,355.0,"1x36,1,3",unknown,climbing,0.0,0.0,0.0,0.07,0.0,False
R001_0513_GR,356.0,"1x36,1,3",unknown,climbing,0.0,0.0,0.0,0.07,0.0,False
R001_0513_GR,357.0,"1x32,1,4",unknown,climbing,0.0,0.0,0.0,0.07,0.0,True
R001_0513_GR,358.0,"1x28,1,5",unknown,climbing,0.0,0.0,0.0,0.06,0.0,True
R001_0513_GR,359.0,"1x25,1,6",unknown,rolling,0.0,0.0,0.0,0.01,0.0,True
R001_0513_GR,360.0,"1x25,1,6",unknown,rolling,0.0,0.0,0.0,0.01,0.0,False
R001_0513_GR,361.0,"1x22,1,7",unknown,rolling,0.0,0.0,0.0,0.0,0.0,True
R001_0513_GR,362.0,"1x22,1,7",unknown,rolling,0.0,0.0,0.0,0.0,0.0,False
R001_0513_GR,363.0,"1x22,1,7",unknown,rolling,0.0,0.0,0.0,-0.02,0.0,False
R001_0513_GR,364.0,"1x22,1,7",unknown,rolling,0.0,0.0,0.0,-0.01,0.0,False
R001_0513_GR,365.0,"1x22,1,7",unknown,rolling,0.0,0.0,0.0,-0.01,0.0,False
R001_0513_GR,366.0,"1x25,1,6",unknown,rolling,0.0,0.0,0.0,-0.02,0.0,True
R001_0513_GR,367.0,"1x25,1,6",unknown,rolling,0.0,0.0,0.0,-0.01,0.0,False
R001_0513_GR,368.0,"1x28,1,5",unknown,rolling,0.0,0.0,0.0,-0.03,0.0,True
R001_0513_GR,369.0,"1x28,1,5",unknown,rolling,0.0,0.0,0.0,-0.03,0.0,False
R001_0513_GR,370.0,"1x28,1,5",unknown,descending,0.0,0.0,0.0,-0.04,0.0,False
R001_0513_GR,371.0,"1x28,1,5",unknown,climbing,0.0,0.0,0.0,0.04,0.0,False
R001_0513_GR,372.0,"1x28,1,5",unknown,rolling,0.0,0.0,0.0,0.03,0.0,False
R001_0513_GR,373.0,"1x28,1,5",unknown,rolling,0.0,0.0,0.0,0.02,0.0,False
R001_0513_GR,374.0,"1x28,1,5",unknown,rolling,0.0,0.0,0.0,0.02,0.0,False
R001_0513_GR,375.0,"1x28,1,5",unknown,rolling,0.0,0.0,0.0,0.02,0.0,False
R001_0513_GR,376.0,"1x28,1,5",unknown,rolling,0.0,0.0,0.0,0.01,0.0,False
R001_0513_GR,377.0,"1x28,1,5",unknown,rolling,0.0,0.0,0.0,0.02,0.0,False
R001_0513_GR,378.0,"1x28,1,5",unknown,rolling,0.0,0.0,0.0,0.02,0.0,False
R001_0513_GR,379.0,"1x25,1,6",unknown,rolling,0.0,0.0,0.0,0.01,0.0,True
R001_0513_GR,380.0,"1x25,1,6",unknown,rolling,0.0,0.0,0.0,0.0,0.0,False
R001_0513_GR,381.0,"1x25,1,6",unknown,rolling,0.0,0.0,0.0,0.01,0.0,False
R001_0513_GR,382.0,"1x22,1,7",unknown,rolling,0.0,0.0,0.0,-0.01,0.0,True
R001_0513_GR,383.0,"1x22,1,7",unknown,rolling,0.0,0.0,0.0,0.01,0.0,False
R001_0513_GR,384.0,"1x19,1,8",unknown,rolling,0.0,0.0,0.0,0.0,0.0,True
R001_0513_GR,385.0,"1x15,1,10",unknown,descending,0.0,0.0,0.0,-0.05,0.0,True
R001_0513_GR,386.0,"1x15,1,10",unknown,descending,0.0,0.0,0.0,-0.07,0.0,False
R001_0513_GR,387.0,"1x19,1,8",unknown,descending,0.0,0.0,0.0,-0.06,0.0,True
R001_0513_GR,388.0,"1x22,1,7",unknown,rolling,0.0,0.0,0.0,-0.02,0.0,True
R001_0513_GR,389.0,"1x28,1,5",unknown,rolling,0.0,0.0,0.0,0.02,0.0,True
R001_0513_GR,390.0,"1x28,1,5",unknown,climbing,0.0,0.0,0.0,0.07,0.0,False
R001_0513_GR,391.0,"1x28,1,5",unknown,climbing,0.0,0.0,0.0,0.06,0.0,False
R001_0513_GR,392.0,"1x25,1,6",unknown,rolling,0.0,0.0,0.0,0.01,0.0,True
R001_0513_GR,393.0,"1x25,1,6",unknown,rolling,0.0,0.0,0.0,0.0,0.0,False
R001_0513_GR,394.0,"1x25,1,6",unknown,rolling,0.0,0.0,0.0,0.0,0.0,False
R001_0513_GR,395.0,"1x25,1,6",unknown,rolling,0.0,0.0,0.0,0.0,0.0,False
R001_0513_GR,396.0,"1x25,1,6",unknown,rolling,0.0,0.0,0.0,0.0,0.0,False
R001_0513_GR,397.0,"1x25,1,6",unknown,rolling,0.0,0.0,0.0,0.0,0.0,False
R001_0513_GR,398.0,"1x25,1,6",unknown,rolling,0.0,0.0,0.0,0.0,0.0,False
R001_0513_GR,399.0,"1x25,1,6",unknown,climbing,0.0,0.0,0.0,0.35,0.0,False
R001_0513_GR,400.0,"1x25,1,6",unknown,rolling,0.0,0.0,0.0,0.0,0.0,False
R001_0513_GR,401.0,"1x25,1,6",unknown,rolling,0.0,0.0,0.0,0.0,0.0,False
R001_0513_GR,402.0,"1x25,1,6",unknown,rolling,0.0,0.0,0.0,0.0,0.0,False
R001_0513_GR,403.0,"1x25,1,6",unknown,rolling,0.0,0.0,0.0,0.0,0.0,False
R001_0513_GR,404.0,"1x25,1,6",unknown,rolling,0.0,0.0,0.0,0.0,0.0,False
R001_0513_GR,405.0,"1x25,1,6",unknown,rolling,0.0,0.0,0.0,0.0,0.0,False
R001_0513_GR,406.0,"1x25,1,6",unknown,rolling,0.0,0.0,0.0,0.0,0.0,False
R001_0513_GR,407.0,"1x25,1,6",unknown,rolling,0.0,0.0,0.0,0.0,0.0,False
R001_0513_GR,408.0,"1x25,1,6",unknown,descending,0.0,0.0,0.0,-0.61,0.0,False
R001_0513_GR,409.0,"1x28,1,5",unknown,rolling,0.0,0.0,0.0,-0.01,0.0,True
R001_0513_GR,410.0,"1x28,1,5",unknown,rolling,0.0,0.0,0.0,-0.01,0.0,False
R001_0513_GR,411.0,"1x28,1,5",unknown,rolling,0.0,0.0,0.0,0.0,0.0,False
R001_0513_GR,412.0,"1x28,1,5",unknown,rolling,0.0,0.0,0.0,0.0,0.0,False
R001_0513_GR,413.0,"1x28,1,5",unknown,rolling,0.0,0.0,0.0,0.0,0.0,False
R001_0513_GR,414.0,"1x28,1,5",unknown,rolling,0.0,0.0,0.0,0.0,0.0,False
R001_0513_GR,415.0,"1x28,1,5",unknown,rolling,0.0,0.0,0.0,0.0,0.0,False
R001_0513_GR,416.0,"1x28,1,5",unknown,rolling,0.0,0.0,0.0,0.0,0.0,False
R001_0513_GR,417.0,"1x28,1,5",unknown,rolling,0.0,0.0,0.0,0.0,0.0,False
R001_0513_GR,418.0,"1x28,1,5",unknown,rolling,0.0,0.0,0.0,0.0,0.0,False
R001_0513_GR,419.0,"1x28,1,5",unknown,rolling,0.0,0.0,0.0,0.0,0.0,False
R001_0513_GR,420.0,"1x28,1,5",unknown,climbing,0.0,0.0,0.0,0.28,0.0,False
R001_0513_GR,421.0,"1x28,1,5",unknown,descending,0.0,0.0,0.0,-0.06,0.0,False
R001_0513_GR,422.0,"1x28,1,5",unknown,rolling,0.0,0.0,0.0,0.02,0.0,False
R001_0513_GR,423.0,"1x28,1,5",unknown,rolling,0.0,0.0,0.0,-0.02,0.0,False
R001_0513_GR,424.0,"1x28,1,5",unknown,climbing,0.0,0.0,0.0,0.04,0.0,False
R001_0513_GR,425.0,"1x22,1,7",unknown,rolling,0.0,0.0,0.0,-0.01,0.0,True
R001_0513_GR,426.0,"1x22,1,7",unknown,descending,0.0,0.0,0.0,-0.08,0.0,False
R001_0513_GR,427.0,"1x22,1,7",unknown,descending,0.0,0.0,0.0,-0.07,0.0,False
R001_0513_GR,428.0,"1x19,1,8",unknown,rolling,0.0,0.0,0.0,-0.02,0.0,True
R001_0513_GR,429.0,"1x15,1,10",unknown,descending,0.0,0.0,0.0,-0.05,0.0,True
R001_0513_GR,430.0,"1x11,1,12",unknown,descending,0.0,0.0,0.0,-0.05,0.0,True
R001_0513_GR,431.0,"1x11,1,12",unknown,descending,0.0,0.0,0.0,-0.05,0.0,False
R001_0513_GR,432.0,"1x11,1,12",unknown,descending,0.0,0.0,0.0,-0.06,0.0,False
R001_0513_GR,433.0,"1x11,1,12",unknown,descending,0.0,0.0,0.0,-0.06,0.0,False
R001_0513_GR,434.0,"1x11,1,12",unknown,descending,0.0,0.0,0.0,-0.07,0.0,False
R001_0513_GR,435.0,"1x11,1,12",unknown,descending,0.0,0.0,0.0,-0.08,0.0,False
R001_0513_GR,436.0,"1x11,1,12",unknown,descending,0.0,0.0,0.0,-0.06,0.0,False
R001_0513_GR,437.0,"1x11,1,12",unknown,descending,0.0,0.0,0.0,-0.08,0.0,False
R001_0513_GR,438.0,"1x11,1,12",unknown,descending,0.0,0.0,0.0,-0.05,0.0,False
R001_0513_GR,439.0,"1x11,1,12",unknown,descending,0.0,0.0,0.0,-0.05,0.0,False
R001_0513_GR,440.0,"1x11,1,12",unknown,descending,0.0,0.0,0.0,-0.05,0.0,False
R001_0513_GR,441.0,"1x11,1,12",unknown,descending,0.0,0.0,0.0,-0.06,0.0,False
R001_0513_GR,442.0,"1x11,1,12",unknown,descending,0.0,0.0,0.0,-0.08,0.0,False
R001_0513_GR,443.0,"1x11,1,12",unknown,descending,0.0,0.0,0.0,-0.05,0.0,False
R001_0513_GR,444.0,"1x13,1,11",unknown,rolling,0.0,0.0,0.0,-0.03,0.0,True
R001_0513_GR,445.0,"1x13,1,11",unknown,rolling,0.0,0.0,0.0,-0.03,0.0,False
R001_0513_GR,446.0,"1x13,1,11",unknown,rolling,0.0,0.0,0.0,-0.01,0.0,False
R001_0513_GR,447.0,"1x13,1,11",unknown,descending,0.0,0.0,0.0,-0.09,0.0,False
R001_0513_GR,448.0,"1x13,1,11",unknown,descending,0.0,0.0,0.0,-0.08,0.0,False
R001_0513_GR,449.0,"1x13,1,11",unknown,descending,0.0,0.0,0.0,-0.07,0.0,False
R001_0513_GR,450.0,"1x13,1,11",unknown,descending,0.0,0.0,0.0,-0.05,0.0,False
R001_0513_GR,451.0,"1x13,1,11",unknown,descending,0.0,0.0,0.0,-0.07,0.0,False
R001_0513_GR,452.0,"1x11,1,12",unknown,descending,0.0,0.0,0.0,-0.09,0.0,True
R001_0513_GR,453.0,"1x11,1,12",unknown,descending,0.0,0.0,0.0,-0.06,0.0,False
R001_0513_GR,454.0,"1x11,1,12",unknown,descending,0.0,0.0,0.0,-0.08,0.0,False
R001_0513_GR,455.0,"1x11,1,12",unknown,descending,0.0,0.0,0.0,-0.06,0.0,False
R001_0513_GR,456.0,"1x11,1,12",unknown,descending,0.0,0.0,0.0,-0.07,0.0,False
R001_0513_GR,457.0,"1x11,1,12",unknown,descending,0.0,0.0,0.0,-0.07,0.0,False
R001_0513_GR,458.0,"1x11,1,12",unknown,descending,0.0,0.0,0.0,-0.06,0.0,False
R001_0513_GR,459.0,"1x11,1,12",unknown,descending,0.0,0.0,0.0,-0.07,0.0,False
R001_0513_GR,460.0,"1x11,1,12",unknown,descending,0.0,0.0,0.0,-0.08,0.0,False
R001_0513_GR,461.0,"1x11,1,12",unknown,descending,0.0,0.0,0.0,-0.06,0.0,False
R001_0513_GR,462.0,"1x11,1,12",unknown,descending,0.0,0.0,0.0,-0.05,0.0,False
R001_0513_GR,463.0,"1x11,1,12",unknown,descending,0.0,0.0,0.0,-0.04,0.0,False
R001_0513_GR,464.0,"1x11,1,12",unknown,descending,0.0,0.0,0.0,-0.05,0.0,False
R001_0513_GR,465.0,"1x11,1,12",unknown,descending,0.0,0.0,0.0,-0.06,0.0,False
R001_0513_GR,466.0,"1x11,1,12",unknown,descending,0.0,0.0,0.0,-0.08,0.0,False
R001_0513_GR,467.0,"1x11,1,12",unknown,descending,0.0,0.0,0.0,-0.06,0.0,False
R001_0513_GR,468.0,"1x11,1,12",unknown,rolling,0.0,0.0,0.0,-0.02,0.0,False
R001_0513_GR,469.0,"1x11,1,12",unknown,rolling,0.0,0.0,0.0,-0.02,0.0,False
R001_0513_GR,470.0,"1x11,1,12",unknown,descending,0.0,0.0,0.0,-0.07,0.0,False
R001_0513_GR,471.0,"1x11,1,12",unknown,descending,0.0,0.0,0.0,-0.07,0.0,False
R001_0513_GR,472.0,"1x11,1,12",unknown,descending,0.0,0.0,0.0,-0.06,0.0,False
R001_0513_GR,473.0,"1x11,1,12",unknown,descending,0.0,0.0,0.0,-0.04,0.0,False
R001_0513_GR,474.0,"1x11,1,12",unknown,descending,0.0,0.0,0.0,-0.05,0.0,False
R001_0513_GR,475.0,"1x11,1,12",unknown,rolling,0.0,0.0,0.0,-0.03,0.0,False
R001_0513_GR,476.0,"1x11,1,12",unknown,descending,0.0,0.0,0.0,-0.04,0.0,False
R001_0513_GR,477.0,"1x11,1,12",unknown,descending,0.0,0.0,0.0,-0.07,0.0,False
R001_0513_GR,478.0,"1x11,1,12",unknown,descending,0.0,0.0,0.0,-0.09,0.0,False
R001_0513_GR,479.0,"1x11,1,12",unknown,descending,0.0,0.0,0.0,-0.06,0.0,False
R001_0513_GR,480.0,"1x11,1,12",unknown,descending,0.0,0.0,0.0,-0.07,0.0,False
R001_0513_GR,481.0,"1x11,1,12",unknown,descending,0.0,0.0,0.0,-0.06,0.0,False
R001_0513_GR,482.0,"1x11,1,12",unknown,descending,0.0,0.0,0.0,-0.07,0.0,False
R001_0513_GR,483.0,"1x11,1,12",unknown,descending,0.0,0.0,0.0,-0.07,0.0,False
R001_0513_GR,484.0,"1x17,1,9",unknown,descending,0.0,0.0,0.0,-0.08,0.0,True
R001_0513_GR,485.0,"1x17,1,9",unknown,descending,0.0,0.0,0.0,-0.07,0.0,False
R001_0513_GR,486.0,"1x17,1,9",unknown,rolling,0.0,0.0,0.0,-0.02,0.0,False
R001_0513_GR,487.0,"1x15,1,10",unknown,climbing,0.0,0.0,0.0,0.07,0.0,True
R001_0513_GR,488.0,"1x15,1,10",unknown,climbing,0.0,0.0,0.0,0.06,0.0,False
R001_0513_GR,489.0,"1x15,1,10",unknown,climbing,0.0,0.0,0.0,0.06,0.0,False
R001_0513_GR,490.0,"1x15,1,10",unknown,descending,0.0,0.0,0.0,-0.04,0.0,False
R001_0513_GR,491.0,"1x13,1,11",unknown,descending,0.0,0.0,0.0,-0.08,0.0,True
R001_0513_GR,492.0,"1x13,1,11",unknown,descending,0.0,0.0,0.0,-0.08,0.0,False
R001_0513_GR,493.0,"1x11,1,12",unknown,descending,0.0,0.0,0.0,-0.05,0.0,True
R001_0513_GR,494.0,"1x13,1,11",unknown,rolling,0.0,0.0,0.0,0.0,0.0,True
R001_0513_GR,495.0,"1x13,1,11",unknown,rolling,0.0,0.0,0.0,-0.01,0.0,False
R001_0513_GR,496.0,"1x13,1,11",unknown,descending,0.0,0.0,0.0,-0.09,0.0,False
R001_0513_GR,497.0,"1x13,1,11",unknown,descending,0.0,0.0,0.0,-0.09,0.0,False
R001_0513_GR,498.0,"1x11,1,12",unknown,descending,0.0,0.0,0.0,-0.06,0.0,True
R001_0513_GR,499.0,"1x11,1,12",unknown,rolling,0.0,0.0,0.0,-0.03,0.0,False
R001_0513_GR,500.0,"1x11,1,12",unknown,descending,0.0,0.0,0.0,-0.05,0.0,False
R001_0513_GR,501.0,"1x11,1,12",unknown,descending,0.0,0.0,0.0,-0.07,0.0,False
R001_0513_GR,502.0,"1x11,1,12",unknown,descending,0.0,0.0,0.0,-0.05,0.0,False
R001_0513_GR,503.0,"1x11,1,12",unknown,descending,0.0,0.0,0.0,-0.07,0.0,False
R001_0513_GR,504.0,"1x11,1,12",unknown,descending,0.0,0.0,0.0,-0.05,0.0,False
R001_0513_GR,505.0,"1x17,1,9",unknown,descending,0.0,0.0,0.0,-0.06,0.0,True
R001_0513_GR,506.0,"1x17,1,9",unknown,descending,0.0,0.0,0.0,-0.05,0.0,False
R001_0513_GR,507.0,"1x17,1,9",unknown,descending,0.0,0.0,0.0,-0.07,0.0,False
R001_0513_GR,508.0,"1x17,1,9",unknown,descending,0.0,0.0,0.0,-0.04,0.0,False
R001_0513_GR,509.0,"1x17,1,9",unknown,rolling,0.0,0.0,0.0,0.01,0.0,False
R001_0513_GR,510.0,"1x19,1,8",unknown,rolling,0.0,0.0,0.0,0.02,0.0,True
R001_0513_GR,511.0,"1x19,1,8",unknown,rolling,0.0,0.0,0.0,0.02,0.0,False
R001_0513_GR,512.0,"1x19,1,8",unknown,climbing,0.0,0.0,0.0,0.04,0.0,False
R001_0513_GR,513.0,"1x19,1,8",unknown,rolling,0.0,0.0,0.0,0.01,0.0,False
R001_0513_GR,514.0,"1x19,1,8",unknown,rolling,0.0,0.0,0.0,0.0,0.0,False
R001_0513_GR,515.0,"1x19,1,8",unknown,descending,0.0,0.0,0.0,-0.09,0.0,False
R001_0513_GR,516.0,"1x19,1,8",unknown,descending,0.0,0.0,0.0,-0.07,0.0,False
R001_0513_GR,517.0,"1x19,1,8",unknown,descending,0.0,0.0,0.0,-0.09,0.0,False
R001_0513_GR,518.0,"1x19,1,8",unknown,rolling,0.0,0.0,0.0,-0.03,0.0,False
R001_0513_GR,519.0,"1x17,1,9",unknown,descending,0.0,0.0,0.0,-0.06,0.0,True
R001_0513_GR,520.0,"1x17,1,9",unknown,descending,0.0,0.0,0.0,-0.07,0.0,False
R001_0513_GR,521.0,"1x17,1,9",unknown,rolling,0.0,0.0,0.0,0.0,0.0,False
R001_0513_GR,522.0,"1x17,1,9",unknown,descending,0.0,0.0,0.0,-0.09,0.0,False
R001_0513_GR,523.0,"1x17,1,9",unknown,descending,0.0,0.0,0.0,-0.04,0.0,False
R001_0513_GR,524.0,"1x15,1,10",unknown,descending,0.0,0.0,0.0,-0.04,0.0,True
R001_0513_GR,525.0,"1x15,1,10",unknown,descending,0.0,0.0,0.0,-0.07,0.0,False
R001_0513_GR,526.0,"1x15,1,10",unknown,descending,0.0,0.0,0.0,-0.07,0.0,False
R001_0513_GR,527.0,"1x22,1,7",unknown,rolling,0.0,0.0,0.0,-0.01,0.0,True
R001_0513_GR,528.0,"1x17,1,9",unknown,rolling,0.0,0.0,0.0,0.01,0.0,True
R001_0513_GR,529.0,"1x19,1,8",unknown,rolling,0.0,0.0,0.0,0.02,0.0,True
R001_0513_GR,530.0,"1x19,1,8",unknown,climbing,0.0,0.0,0.0,0.11,0.0,False
R001_0513_GR,531.0,"1x19,1,8",unknown,climbing,0.0,0.0,0.0,0.11,0.0,False
R001_0513_GR,532.0,"1x19,1,8",unknown,rolling,0.0,0.0,0.0,0.0,0.0,False
R002_0515_GR,0,1x15,high_speed,rolling,0.0,0.0,0.0,0.0,6.33,False
R002_0515_GR,8,1x15,high_speed,rolling,0.0,0.0,0.606,0.0,10.25,False
R002_0515_GR,16,1x15,high_speed,rolling,0.0,0.0,0.0,0.0,17.01,False
R002_0515_GR,24,1x15,high_speed,rolling,0.0,0.0,0.0,0.0,20.66,False
R002_0515_GR,32,1x15,high_speed,rolling,0.0,0.0,0.336,0.0,22.32,False
R002_0515_GR,40,1x15,high_speed,rolling,0.0,0.0,0.28,0.0,26.81,False
R002_0515_GR,48,1x15,high_speed,rolling,0.0,0.0,0.0,0.0,29.46,False
R002_0515_GR,56,1x15,high_speed,rolling,0.0,0.0,0.0,0.0,29.72,False
R002_0515_GR,64,1x15,high_speed,rolling,0.0,0.0,0.0,0.0,30.94,False
R002_0515_GR,72,1x15,high_speed,rolling,0.0,0.0,0.0,0.0,30.94,False
R002_0515_GR,80,1x15,high_speed,rolling,0.0,0.0,0.0,0.0,30.94,False
R002_0515_GR,88,1x15,high_speed,rolling,0.0,0.0,0.0,0.0,30.94,False
R002_0515_GR,96,1x15,high_speed,rolling,0.0,15.0,1.176,0.0,31.8,False
R002_0515_GR,104,1x19,high_speed,rolling,0.0,0.0,3.611,-0.0007000000000000001,50.25,True
R002_0515_GR,112,1x19,high_speed,rolling,43.0,86.0,5.244,-0.0004,87.52,False
R002_0515_GR,120,1x19,high_speed,rolling,0.0,0.0,4.731,-0.0001,130.14,False
R002_0515_GR,128,1x25,midrange,rolling,58.0,215.0,3.863,0.0,159.56,True
R002_0515_GR,136,1x25,midrange,rolling,63.0,280.0,4.096,0.0004,192.29,False
R002_0515_GR,144,1x25,midrange,rolling,68.0,294.0,4.479,0.0005,225.87,False
R002_0515_GR,152,1x25,midrange,rolling,72.0,321.0,4.749,0.0007000000000000001,263.34,False
R002_0515_GR,160,1x25,midrange,rolling,71.0,284.0,4.544,0.0006,301.39,False
R002_0515_GR,168,1x25,midrange,rolling,65.0,259.0,4.189,0.0005,336.94,False
R002_0515_GR,176,1x25,midrange,rolling,24.0,68.0,1.521,0.0009,359.91,False
R002_0515_GR,184,1x25,midrange,rolling,36.0,143.0,2.342,0.0008,374.62,False
R002_0515_GR,192,1x25,midrange,rolling,37.0,220.0,2.473,0.0005,393.86,False
R002_0515_GR,200,1x25,midrange,rolling,77.0,123.0,5.057,0.0002,427.6,False
R002_0515_GR,208,1x28,midrange,rolling,80.0,257.0,4.264,0.0003,466.49,True
R002_0515_GR,216,1x28,midrange,rolling,73.0,335.0,4.087,0.0008,499.66,False
R002_0515_GR,224,1x28,midrange,rolling,75.0,256.0,4.161,0.0007000000000000001,531.98,False
R002_0515_GR,232,1x28,midrange,rolling,75.0,242.0,4.208,0.0005,566.46,False
R002_0515_GR,240,1x32,midrange,rolling,84.0,213.0,3.854,0.0006,599.56,True
R002_0515_GR,248,1x32,midrange,rolling,82.0,286.0,3.863,0.0008,631.06,False
R002_0515_GR,256,1x32,midrange,rolling,82.0,306.0,3.788,0.0007000000000000001,662.83,False
R002_0515_GR,264,1x32,midrange,rolling,79.0,313.0,3.574,0.001,692.2,False
R002_0515_GR,272,1x28,midrange,rolling,62.0,289.0,3.191,0.0011,720.19,True
R002_0515_GR,280,1x28,midrange,rolling,61.0,263.0,3.611,0.0008,749.61,False
R002_0515_GR,288,1x28,midrange,rolling,60.0,250.0,3.182,0.0009,776.45,False
R002_0515_GR,296,1x28,midrange,rolling,63.0,249.0,3.826,0.0007000000000000001,805.21,False
R002_0515_GR,304,1x32,midrange,rolling,79.0,282.0,3.938,0.0007000000000000001,835.19,True
R002_0515_GR,312,1x32,midrange,rolling,79.0,273.0,3.751,0.0007000000000000001,865.04,False
R002_0515_GR,320,1x36,midrange,rolling,86.0,201.0,3.434,0.0007000000000000001,894.87,True
R002_0515_GR,328,1x36,midrange,rolling,84.0,242.0,3.294,0.0008,921.74,False
R002_0515_GR,336,1x32,midrange,rolling,65.0,195.0,2.734,0.0008,947.45,True
R002_0515_GR,344,1x32,midrange,rolling,64.0,235.0,2.659,0.0009,970.61,False
R002_0515_GR,352,1x36,midrange,rolling,79.0,232.0,2.948,0.0006,995.83,True
R002_0515_GR,360,1x36,midrange,rolling,82.0,227.0,3.172,0.0006,1021.88,False
R002_0515_GR,368,1x36,midrange,rolling,82.0,253.0,3.303,0.0006,1049.21,False
R002_0515_GR,376,1x36,midrange,rolling,85.0,272.0,3.415,0.0006,1077.13,False
R002_0515_GR,384,1x36,midrange,rolling,83.0,278.0,3.266,0.0009,1102.27,False
R002_0515_GR,392,1x28,midrange,rolling,75.0,216.0,4.161,0.0008,1132.76,True
R002_0515_GR,400,1x32,midrange,rolling,80.0,196.0,3.76,0.0003,1168.42,True
R002_0515_GR,408,1x28,midrange,rolling,66.0,206.0,3.406,0.0006,1199.99,True
R002_0515_GR,416,1x28,midrange,rolling,64.0,250.0,3.406,0.0009,1228.44,False
R002_0515_GR,424,1x36,midrange,rolling,74.0,241.0,3.574,0.0006,1256.86,True
R002_0515_GR,432,1x36,midrange,rolling,83.0,223.0,3.107,0.0005,1284.27,False
R002_0515_GR,440,1x36,midrange,rolling,68.0,235.0,2.585,0.0007000000000000001,1308.58,False
R002_0515_GR,448,1x36,midrange,rolling,80.0,221.0,3.051,0.0006,1333.95,False
R002_0515_GR,456,1x36,midrange,rolling,77.0,244.0,2.799,0.0006,1359.21,False
R002_0515_GR,464,1x36,midrange,rolling,78.0,240.0,2.986,0.0007000000000000001,1384.53,False
R002_0515_GR,472,1x36,midrange,rolling,77.0,252.0,2.921,0.0007000000000000001,1409.92,False
R002_0515_GR,480,1x36,midrange,rolling,77.0,280.0,2.799,0.0009,1433.68,False
R002_0515_GR,488,1x32,midrange,rolling,71.0,255.0,2.594,0.0011,1456.94,True
R002_0515_GR,496,1x36,midrange,rolling,80.0,165.0,3.051,0.0008,1481.96,True
R002_0515_GR,504,1x36,midrange,rolling,81.0,192.0,3.182,0.0005,1509.12,False
R002_0515_GR,512,1x36,midrange,rolling,82.0,191.0,3.219,0.0006,1534.93,False
R002_0515_GR,520,1x36,midrange,rolling,82.0,187.0,3.256,0.0006,1562.4,False
R002_0515_GR,528,1x36,midrange,rolling,81.0,210.0,3.116,0.0007000000000000001,1588.09,False
R002_0515_GR,536,1x36,midrange,rolling,80.0,208.0,2.809,0.0006,1612.79,False
R002_0515_GR,544,1x36,midrange,rolling,83.0,237.0,3.163,0.0005,1638.5,False
R002_0515_GR,552,1x32,midrange,rolling,82.0,196.0,3.21,0.0007000000000000001,1665.8,True
R002_0515_GR,560,1x32,midrange,rolling,0.0,22.0,3.051,0.0003,1689.51,False
R002_0515_GR,568,1x28,midrange,rolling,0.0,23.0,5.682,-0.0003,1725.42,True
R002_0515_GR,576,1x22,high_speed,rolling,0.0,0.0,6.933,-0.0005,1778.27,True
R002_0515_GR,584,1x22,high_speed,rolling,0.0,0.0,6.242,-0.0002,1831.51,False
R002_0515_GR,592,1x25,midrange,rolling,74.0,195.0,5.067,0.0001,1876.94,True
R002_0515_GR,600,1x25,midrange,rolling,87.0,215.0,5.58,0.0003,1920.57,False
R002_0515_GR,608,1x25,midrange,rolling,85.0,341.0,5.44,0.0003,1964.73,False
R002_0515_GR,616,1x25,midrange,rolling,84.0,289.0,5.533,0.0005,2009.57,False
R002_0515_GR,624,1x22,high_speed,rolling,82.0,191.0,6.046,0.0003,2056.89,True
R002_0515_GR,632,1x19,high_speed,rolling,77.0,153.0,6.671,0.0002,2106.49,True
R002_0515_GR,640,1x17,high_speed,rolling,84.0,112.0,8.351,-0.0002,2167.17,True
R002_0515_GR,648,1x17,high_speed,rolling,0.0,0.0,10.086,-0.0004,2241.76,False
R002_0515_GR,656,1x17,high_speed,rolling,0.0,0.0,11.085,-0.0005,2328.76,False
R002_0515_GR,664,1x17,high_speed,rolling,0.0,0.0,9.984,-0.0005,2418.15,False
R002_0515_GR,672,1x19,high_speed,rolling,0.0,0.0,3.788,0.0,2470.76,True
R002_0515_GR,680,1x22,high_speed,rolling,32.0,163.0,4.068,0.0003,2500.39,True
R002_0515_GR,688,1x22,high_speed,rolling,0.0,0.0,2.202,0.0002,2543.39,False
R002_0515_GR,696,1x28,midrange,rolling,76.0,281.0,4.18,0.0002,2573.91,True
R002_0515_GR,704,1x32,midrange,rolling,76.0,290.0,3.518,0.0006,2604.84,True
R002_0515_GR,712,1x32,midrange,rolling,72.0,291.0,3.368,0.0009,2633.0,False
R002_0515_GR,720,1x32,midrange,rolling,71.0,313.0,3.387,0.0008,2659.57,False
R002_0515_GR,728,1x32,midrange,rolling,75.0,315.0,3.564,0.0009,2687.25,False
R002_0515_GR,736,1x36,midrange,rolling,83.0,286.0,3.294,0.0007000000000000001,2714.58,True
R002_0515_GR,744,1x36,midrange,rolling,81.0,271.0,3.238,0.0009,2741.47,False
R002_0515_GR,752,1x36,midrange,rolling,79.0,314.0,3.107,0.0009,2766.83,False
R002_0515_GR,760,1x36,midrange,rolling,80.0,308.0,3.116,0.0013,2791.85,False
R002_0515_GR,768,1x32,midrange,rolling,53.0,199.0,2.734,0.0008,2816.75,True
R002_0515_GR,776,1x36,midrange,rolling,66.0,108.0,2.921,0.0008,2841.72,True
R002_0515_GR,784,1x32,midrange,rolling,0.0,0.0,3.508,0.0001,2869.32,True
R002_0515_GR,792,1x32,midrange,rolling,0.0,0.0,0.252,0.0001,2890.02,False
R002_0515_GR,800,1x32,midrange,rolling,0.0,0.0,0.0,0.0,2890.39,False
R002_0515_GR,808,1x32,midrange,rolling,0.0,0.0,0.392,0.0,2890.39,False
R002_0515_GR,816,1x32,midrange,rolling,37.0,31.0,3.098,0.0,2907.48,False
R002_0515_GR,824,1x32,midrange,rolling,81.0,150.0,3.891,0.0002,2935.76,False
R002_0515_GR,832,1x32,midrange,rolling,86.0,115.0,4.124,0.0,2965.3,False
R002_0515_GR,840,1x28,midrange,rolling,84.0,105.0,4.721,-0.0001,2999.12,True
R002_0515_GR,848,1x28,midrange,rolling,81.0,238.0,4.376,0.0002,3037.05,False
R002_0515_GR,856,1x32,midrange,rolling,81.0,269.0,3.835,0.0008,3070.81,True
R002_0515_GR,864,1x32,midrange,rolling,79.0,269.0,3.807,0.0008,3099.8,False
R002_0515_GR,872,1x32,midrange,rolling,80.0,267.0,3.816,0.0005,3130.46,False
R002_0515_GR,880,1x32,midrange,rolling,79.0,267.0,3.788,0.0008,3160.29,False
R002_0515_GR,888,1x32,midrange,rolling,80.0,273.0,3.854,0.0005,3189.87,False
R002_0515_GR,896,1x32,midrange,rolling,80.0,280.0,3.695,0.0007000000000000001,3220.02,False
R002_0515_GR,904,1x32,midrange,rolling,81.0,259.0,3.751,0.0009,3249.01,False
R002_0515_GR,912,1x32,midrange,rolling,82.0,278.0,3.863,0.0006,3280.14,False
R002_0515_GR,920,1x32,midrange,rolling,82.0,262.0,3.844,0.0007000000000000001,3311.92,False
R002_0515_GR,928,1x28,midrange,rolling,71.0,145.0,4.022,0.0006,3341.79,True
R002_0515_GR,936,1x17,high_speed,rolling,76.0,43.0,6.821,-0.0001,3383.37,True
R002_0515_GR,944,1x15,high_speed,rolling,0.0,0.0,10.861,-0.0006,3457.47,True
R002_0515_GR,952,1x15,high_speed,rolling,0.0,0.0,11.421,-0.0007000000000000001,3549.11,False
R002_0515_GR,960,1x22,high_speed,rolling,84.0,275.0,7.297,-0.0002,3628.67,True
R002_0515_GR,968,1x25,midrange,rolling,71.0,349.0,5.207,0.0011,3676.42,True
R002_0515_GR,976,1x28,midrange,rolling,78.0,304.0,4.311,0.0008,3713.2,True
R002_0515_GR,984,1x28,midrange,rolling,76.0,298.0,4.245,0.0006,3748.48,False
R002_0515_GR,992,1x32,midrange,rolling,81.0,269.0,3.807,0.0006,3780.33,True
R002_0515_GR,1000,1x32,midrange,rolling,82.0,280.0,3.891,0.0006,3811.26,False
R002_0515_GR,1008,1x36,midrange,rolling,86.0,268.0,3.443,0.0006,3840.17,True
R002_0515_GR,1016,1x36,midrange,rolling,88.0,236.0,3.499,0.0006,3868.04,False
R002_0515_GR,1024,1x36,midrange,rolling,87.0,239.0,3.49,0.0007000000000000001,3894.94,False
R002_0515_GR,1032,1x36,midrange,rolling,88.0,248.0,3.387,0.0006,3923.3,False
R002_0515_GR,1040,1x36,midrange,rolling,87.0,241.0,3.312,0.0008,3950.26,False
R002_0515_GR,1048,1x32,midrange,rolling,67.0,224.0,2.986,0.0008,3976.25,True
R002_0515_GR,1056,1x32,midrange,rolling,77.0,256.0,3.462,0.0005,4004.03,False
R002_0515_GR,1064,1x32,midrange,rolling,74.0,245.0,3.378,0.0006,4032.92,False
R002_0515_GR,1072,1x36,midrange,rolling,82.0,218.0,3.191,0.0007000000000000001,4060.36,True
R002_0515_GR,1080,1x36,midrange,rolling,87.0,192.0,3.406,0.0006,4088.4,False
R002_0515_GR,1088,1x36,midrange,rolling,83.0,222.0,3.07,0.0006,4114.81,False
R002_0515_GR,1096,1x36,midrange,rolling,90.0,249.0,3.415,0.0008,4139.47,False
R002_0515_GR,1104,1x36,midrange,rolling,86.0,231.0,3.312,0.0007000000000000001,4166.2,False
R002_0515_GR,1112,1x36,midrange,rolling,87.0,224.0,3.35,0.0006,4193.61,False
R002_0515_GR,1120,1x36,midrange,rolling,86.0,238.0,3.387,0.0007000000000000001,4221.32,False
R002_0515_GR,1128,1x36,midrange,rolling,84.0,236.0,3.238,0.0007000000000000001,4248.57,False
R002_0515_GR,1136,1x36,midrange,rolling,84.0,225.0,3.275,0.0007000000000000001,4275.94,False
R002_0515_GR,1144,1x36,midrange,rolling,85.0,233.0,3.396,0.0005,4303.38,False
R002_0515_GR,1152,1x36,midrange,rolling,85.0,233.0,3.34,0.0006,4330.59,False
R002_0515_GR,1160,1x36,midrange,rolling,83.0,225.0,3.247,0.0006,4358.03,False
R002_0515_GR,1168,1x36,midrange,rolling,85.0,232.0,3.247,0.0007000000000000001,4384.61,False
R002_0515_GR,1176,1x36,midrange,rolling,83.0,240.0,3.303,0.0007000000000000001,4411.22,False
R002_0515_GR,1184,1x36,midrange,rolling,83.0,221.0,3.219,0.0007000000000000001,4438.0,False
R002_0515_GR,1192,1x36,midrange,rolling,87.0,227.0,3.415,0.0007000000000000001,4464.95,False
R002_0515_GR,1200,1x36,midrange,rolling,86.0,229.0,3.415,0.0006,4493.62,False
R002_0515_GR,1208,1x36,midrange,rolling,86.0,253.0,3.294,0.0007000000000000001,4520.78,False
R002_0515_GR,1216,1x32,midrange,rolling,85.0,266.0,3.359,0.0009,4545.56,True
R002_0515_GR,1224,1x36,midrange,rolling,55.0,232.0,3.154,0.001,4570.04,True
R002_0515_GR,1232,1x36,midrange,rolling,85.0,218.0,3.462,0.0006,4595.28,False
R002_0515_GR,1240,1x36,midrange,rolling,82.0,185.0,3.294,0.0002,4621.76,False
R002_0515_GR,1248,1x32,midrange,rolling,77.0,167.0,3.704,0.0003,4648.47,True
R002_0515_GR,1256,1x32,midrange,rolling,81.0,141.0,3.732,0.0003,4678.78,False
R002_0515_GR,1264,1x32,midrange,rolling,82.0,127.0,3.798,0.0004,4710.07,False
R002_0515_GR,1272,1x32,midrange,rolling,81.0,178.0,3.872,0.0003,4741.57,False
R002_0515_GR,1280,1x32,midrange,rolling,82.0,192.0,3.835,0.0005,4773.19,False
R002_0515_GR,1288,1x32,midrange,rolling,82.0,225.0,3.938,0.0004,4803.5,False
R002_0515_GR,1296,1x32,midrange,rolling,83.0,195.0,3.882,0.0006,4835.3,False
R002_0515_GR,1304,1x32,midrange,rolling,85.0,200.0,3.994,0.0006,4867.08,False
R002_0515_GR,1312,1x32,midrange,rolling,85.0,189.0,3.994,0.0005,4899.25,False
R002_0515_GR,1320,1x32,midrange,rolling,84.0,231.0,4.022,0.0004,4932.58,False
R002_0515_GR,1328,1x32,midrange,rolling,84.0,219.0,3.956,0.0003,4964.74,False
R002_0515_GR,1336,1x32,midrange,rolling,86.0,227.0,3.975,0.0007000000000000001,4996.91,False
R002_0515_GR,1344,1x32,midrange,rolling,86.0,225.0,4.068,0.0005,5029.58,False
R002_0515_GR,1352,1x32,midrange,rolling,87.0,209.0,4.106,0.0006,5063.68,False
R002_0515_GR,1360,1x36,midrange,rolling,94.0,242.0,3.77,0.0005,5095.47,True
R002_0515_GR,1368,1x36,midrange,rolling,87.0,256.0,3.49,0.0008,5123.78,False
R002_0515_GR,1376,1x36,midrange,rolling,87.0,249.0,3.48,0.0006,5151.32,False
R002_0515_GR,1384,1x36,midrange,rolling,86.0,253.0,3.406,0.0007000000000000001,5178.76,False
R002_0515_GR,1392,1x36,midrange,rolling,87.0,238.0,3.508,0.0006,5206.61,False
R002_0515_GR,1400,1x36,midrange,rolling,86.0,252.0,3.48,0.0009,5234.8,False
R002_0515_GR,1408,1x36,midrange,rolling,87.0,253.0,3.443,0.0006,5262.94,False
R002_0515_GR,1416,1x36,midrange,rolling,87.0,254.0,3.471,0.0006,5290.81,False
R002_0515_GR,1424,1x36,midrange,rolling,86.0,253.0,3.452,0.0009,5318.81,False
R002_0515_GR,1432,1x32,midrange,rolling,76.0,304.0,3.835,0.0006,5346.23,True
R002_0515_GR,1440,1x28,midrange,rolling,80.0,85.0,3.919,0.0004,5376.7,True
R002_0515_GR,1448,1x28,midrange,rolling,81.0,69.0,4.572,0.0001,5411.48,False
R002_0515_GR,1456,1x25,midrange,rolling,74.0,88.0,4.936,0.0,5448.1,True
R002_0515_GR,1464,1x25,midrange,rolling,81.0,95.0,5.365,0.0,5489.13,False
R002_0515_GR,1472,1x28,midrange,rolling,81.0,175.0,4.525,0.0001,5530.18,True
R002_0515_GR,1480,1x32,midrange,rolling,79.0,240.0,3.714,0.0007000000000000001,5561.66,True
R002_0515_GR,1488,1x32,midrange,rolling,80.0,262.0,3.695,0.0007000000000000001,5591.87,False
R002_0515_GR,1496,1x36,midrange,rolling,87.0,211.0,3.592,0.0009,5621.09,True
R002_0515_GR,1504,1x36,midrange,rolling,86.0,222.0,3.462,0.0004,5649.29,False
R002_0515_GR,1512,1x36,midrange,rolling,88.0,226.0,3.452,0.0007000000000000001,5677.66,False
R002_0515_GR,1520,1x36,midrange,rolling,88.0,243.0,3.434,0.0008,5705.72,False
R002_0515_GR,1528,1x36,midrange,rolling,87.0,237.0,3.434,0.0007000000000000001,5732.58,False
R002_0515_GR,1536,1x36,midrange,rolling,87.0,226.0,3.443,0.0006,5760.8,False
R002_0515_GR,1544,1x36,midrange,rolling,85.0,256.0,3.378,0.0008,5788.32,False
R002_0515_GR,1552,1x36,midrange,rolling,87.0,253.0,3.471,0.0007000000000000001,5815.8,False
R002_0515_GR,1560,1x36,midrange,rolling,87.0,191.0,3.462,0.0007000000000000001,5843.78,False
R002_0515_GR,1568,1x36,midrange,rolling,90.0,163.0,3.63,0.0004,5872.42,False
R002_0515_GR,1576,1x36,midrange,rolling,90.0,150.0,3.62,0.0005,5901.49,False
R002_0515_GR,1584,1x36,midrange,rolling,90.0,151.0,3.648,0.0003,5930.26,False
R002_0515_GR,1592,1x36,midrange,rolling,92.0,159.0,3.48,0.0005,5959.43,False
R002_0515_GR,1600,1x36,midrange,rolling,90.0,156.0,3.527,0.0005,5988.57,False
R002_0515_GR,1608,1x36,midrange,rolling,90.0,164.0,3.564,0.0004,6017.75,False
R002_0515_GR,1616,1x36,midrange,rolling,90.0,168.0,3.63,0.0005,6046.93,False
R002_0515_GR,1624,1x36,midrange,rolling,89.0,164.0,3.555,0.0004,6075.85,False
R002_0515_GR,1632,1x36,midrange,rolling,88.0,173.0,3.536,0.0005,6104.68,False
R002_0515_GR,1640,1x36,midrange,rolling,89.0,186.0,3.518,0.0004,6133.84,False
R002_0515_GR,1648,1x36,midrange,rolling,86.0,231.0,3.396,0.0006,6161.96,False
R002_0515_GR,1656,1x36,midrange,rolling,85.0,230.0,3.396,0.0007000000000000001,6189.28,False
R002_0515_GR,1664,1x36,midrange,rolling,84.0,221.0,3.303,0.0008,6216.49,False
R002_0515_GR,1672,1x36,midrange,rolling,84.0,212.0,3.368,0.0008,6242.87,False
R002_0515_GR,1680,1x36,midrange,rolling,84.0,239.0,3.359,0.0007000000000000001,6269.84,False
R002_0515_GR,1688,1x36,midrange,rolling,85.0,254.0,3.378,0.0007000000000000001,6296.96,False
R002_0515_GR,1696,1x36,midrange,rolling,83.0,242.0,3.247,0.0007000000000000001,6324.41,False
R002_0515_GR,1704,1x36,midrange,rolling,84.0,242.0,3.34,0.0008,6351.14,False
R002_0515_GR,1712,1x36,midrange,rolling,85.0,239.0,3.312,0.0007000000000000001,6378.68,False
R002_0515_GR,1720,1x36,midrange,rolling,86.0,237.0,3.396,0.0007000000000000001,6406.78,False
R002_0515_GR,1728,1x36,midrange,rolling,86.0,248.0,3.359,0.0007000000000000001,6434.75,False
R002_0515_GR,1736,1x36,midrange,rolling,88.0,247.0,3.452,0.0009,6462.64,False
R002_0515_GR,1744,1x36,midrange,rolling,84.0,248.0,3.359,0.0008,6490.06,False
R002_0515_GR,1752,1x42,climbing,rolling,87.0,182.0,3.004,0.0008,6515.28,True
R002_0515_GR,1760,1x42,climbing,rolling,87.0,201.0,3.06,0.0006,6540.61,False
R002_0515_GR,1768,1x42,climbing,rolling,87.0,214.0,2.958,0.0006,6565.65,False
R002_0515_GR,1776,1x42,climbing,rolling,85.0,180.0,2.846,0.0007000000000000001,6589.49,False
R002_0515_GR,1784,1x42,climbing,rolling,85.0,199.0,2.958,0.0007000000000000001,6612.34,False
R002_0515_GR,1792,1x42,climbing,rolling,85.0,207.0,2.93,0.0006,6636.67,False
R002_0515_GR,1800,1x42,climbing,rolling,86.0,198.0,2.883,0.0008,6659.95,False
R002_0515_GR,1808,1x42,climbing,rolling,88.0,225.0,3.042,0.0007000000000000001,6684.47,False
R002_0515_GR,1816,1x42,climbing,rolling,86.0,202.0,2.883,0.0007000000000000001,6708.93,False
R002_0515_GR,1824,1x42,climbing,rolling,87.0,210.0,2.902,0.0007000000000000001,6732.72,False
R002_0515_GR,1832,1x42,climbing,rolling,85.0,212.0,2.911,0.0008,6756.51,False
R002_0515_GR,1840,1x42,climbing,rolling,87.0,199.0,2.893,0.0007000000000000001,6780.79,False
R002_0515_GR,1848,1x42,climbing,rolling,87.0,212.0,2.911,0.0007000000000000001,6805.08,False
R002_0515_GR,1856,1x42,climbing,rolling,85.0,214.0,2.837,0.0007000000000000001,6829.95,False
R002_0515_GR,1864,1x42,climbing,rolling,85.0,191.0,2.818,0.0006,6852.93,False
R002_0515_GR,1872,1x42,climbing,rolling,86.0,188.0,2.958,0.0007000000000000001,6877.26,False
R002_0515_GR,1880,1x42,climbing,rolling,88.0,203.0,3.042,0.0007000000000000001,6901.81,False
R002_0515_GR,1888,1x42,climbing,rolling,86.0,210.0,2.855,0.0007000000000000001,6926.07,False
R002_0515_GR,1896,1x42,climbing,rolling,87.0,209.0,2.902,0.0007000000000000001,6950.38,False
R002_0515_GR,1904,1x42,climbing,rolling,86.0,218.0,2.921,0.0006,6973.37,False
R002_0515_GR,1912,1x42,climbing,rolling,87.0,206.0,2.911,0.0005,6997.84,False
R002_0515_GR,1920,1x42,climbing,rolling,90.0,223.0,3.116,0.0007000000000000001,7022.22,False
R002_0515_GR,1928,1x42,climbing,rolling,85.0,199.0,2.883,0.0007000000000000001,7046.81,False
R002_0515_GR,1936,1x42,climbing,rolling,87.0,186.0,2.921,0.0007000000000000001,7070.63,False
R002_0515_GR,1944,1x42,climbing,rolling,88.0,202.0,2.986,0.0008,7094.55,False
R002_0515_GR,1952,1x42,climbing,rolling,87.0,202.0,2.874,0.0006,7119.43,False
R002_0515_GR,1960,1x42,climbing,rolling,88.0,198.0,2.995,0.0006,7143.51,False
R002_0515_GR,1968,1x42,climbing,rolling,86.0,218.0,2.902,0.0007000000000000001,7167.69,False
R002_0515_GR,1976,1x42,climbing,rolling,87.0,219.0,3.004,0.0008,7192.43,False
R002_0515_GR,1984,1x42,climbing,rolling,90.0,205.0,3.051,0.0007000000000000001,7216.57,False
R002_0515_GR,1992,1x42,climbing,rolling,91.0,205.0,3.051,0.0007000000000000001,7242.38,False
R002_0515_GR,2000,1x42,climbing,rolling,90.0,211.0,3.116,0.0007000000000000001,7268.21,False
R002_0515_GR,2008,1x42,climbing,rolling,91.0,209.0,3.042,0.0008,7293.15,False
R002_0515_GR,2016,1x42,climbing,rolling,90.0,210.0,3.07,0.0006,7318.71,False
R002_0515_GR,2024,1x42,climbing,rolling,90.0,216.0,2.893,0.0008,7342.86,False
R002_0515_GR,2032,1x42,climbing,rolling,91.0,212.0,2.976,0.0006,7367.76,False
R002_0515_GR,2040,1x42,climbing,rolling,89.0,211.0,3.004,0.0006,7393.19,False
R002_0515_GR,2048,1x42,climbing,rolling,88.0,208.0,2.939,0.0007000000000000001,7417.78,False
R002_0515_GR,2056,1x42,climbing,rolling,86.0,195.0,2.809,0.0007000000000000001,7442.2,False
R002_0515_GR,2064,1x42,climbing,rolling,88.0,233.0,2.883,0.0007000000000000001,7466.19,False
R002_0515_GR,2072,1x42,climbing,rolling,86.0,201.0,2.855,0.0007000000000000001,7489.72,False
R002_0515_GR,2080,1x42,climbing,rolling,85.0,201.0,2.762,0.0006,7513.53,False
R002_0515_GR,2088,1x42,climbing,rolling,83.0,189.0,2.706,0.0007000000000000001,7536.69,False
R002_0515_GR,2096,1x36,midrange,rolling,78.0,126.0,3.079,0.0005,7560.63,True
R002_0515_GR,2104,1x36,midrange,rolling,20.0,5.0,3.004,0.0002,7585.43,False
R002_0515_GR,2112,1x42,climbing,rolling,85.0,152.0,2.995,0.0003,7611.52,True
R002_0515_GR,2120,1x50,climbing,rolling,87.0,212.0,2.678,0.0008,7635.2,True
R002_0515_GR,2128,1x50,climbing,rolling,86.0,232.0,2.575,0.0008,7656.37,False
R002_0515_GR,2136,1x50,climbing,rolling,86.0,216.0,2.557,0.0008,7677.91,False
R002_0515_GR,2144,1x50,climbing,rolling,88.0,235.0,2.631,0.0008,7698.97,False
R002_0515_GR,2152,1x50,climbing,rolling,87.0,227.0,2.613,0.001,7720.37,False
R002_0515_GR,2160,1x50,climbing,rolling,87.0,231.0,2.566,0.0009,7742.09,False
R002_0515_GR,2168,1x50,climbing,rolling,85.0,245.0,2.51,0.0011,7762.08,False
R002_0515_GR,2176,1x50,climbing,rolling,85.0,225.0,2.463,0.0012,7782.59,False
R002_0515_GR,2184,1x50,climbing,rolling,86.0,242.0,2.594,0.0008,7804.39,False
R002_0515_GR,2192,1x50,climbing,rolling,86.0,238.0,2.585,0.0009,7824.62,False
R002_0515_GR,2200,1x42,climbing,rolling,64.0,191.0,2.118,0.0009,7845.18,True
R002_0515_GR,2208,1x42,climbing,rolling,76.0,227.0,2.65,0.001,7866.23,False
R002_0515_GR,2216,1x42,climbing,rolling,78.0,210.0,2.697,0.0009,7887.81,False
R002_0515_GR,2224,1x42,climbing,rolling,83.0,142.0,2.939,0.0007000000000000001,7909.48,False
R002_0515_GR,2232,1x28,midrange,rolling,81.0,46.0,3.452,0.0003,7932.58,True
R002_0515_GR,2240,1x25,midrange,rolling,89.0,76.0,5.263,-0.0001,7967.8,True
R002_0515_GR,2248,1x22,high_speed,rolling,83.0,113.0,6.074,0.0,8016.55,True
R002_0515_GR,2256,1x25,midrange,rolling,77.0,175.0,4.889,0.0003,8061.27,True
R002_0515_GR,2264,1x28,midrange,rolling,82.0,190.0,4.255,0.0005,8097.66,True
R002_0515_GR,2272,1x28,midrange,rolling,80.0,202.0,4.488,0.0003,8135.28,False
R002_0515_GR,2280,1x32,midrange,rolling,86.0,185.0,4.04,0.0003,8169.62,True
R002_0515_GR,2288,1x32,midrange,rolling,87.0,183.0,4.096,0.0005,8202.63,False
R002_0515_GR,2296,1x32,midrange,rolling,84.0,194.0,3.938,0.0003,8235.16,False
R002_0515_GR,2304,1x36,midrange,rolling,87.0,226.0,3.471,0.0005,8265.82,True
R002_0515_GR,2312,1x36,midrange,rolling,84.0,237.0,3.275,0.0006,8292.99,False
R002_0515_GR,2320,1x36,midrange,rolling,88.0,241.0,3.48,0.0007000000000000001,8320.84,False
R002_0515_GR,2328,1x36,midrange,rolling,87.0,237.0,3.415,0.0007000000000000001,8349.5,False
R002_0515_GR,2336,1x36,midrange,rolling,86.0,242.0,3.462,0.0007000000000000001,8377.06,False
R002_0515_GR,2344,1x36,midrange,rolling,84.0,221.0,3.34,0.0005,8404.21,False
R002_0515_GR,2352,1x32,midrange,rolling,65.0,211.0,3.172,0.0007000000000000001,8430.07,True
R002_0515_GR,2360,1x36,midrange,rolling,80.0,182.0,3.126,0.0006,8455.5,True
R002_0515_GR,2368,1x42,climbing,rolling,86.0,189.0,2.958,0.0006,8480.39,True
R002_0515_GR,2376,1x42,climbing,rolling,87.0,181.0,2.948,0.0007000000000000001,8504.19,False
R002_0515_GR,2384,1x42,climbing,rolling,86.0,198.0,2.948,0.0006,8527.86,False
R002_0515_GR,2392,1x42,climbing,rolling,88.0,166.0,3.06,0.0006,8553.03,False
R002_0515_GR,2400,1x36,midrange,rolling,81.0,183.0,3.107,0.0006,8578.68,True
R002_0515_GR,2408,1x36,midrange,rolling,82.0,169.0,3.144,0.0005,8604.77,False
R002_0515_GR,2416,1x36,midrange,rolling,83.0,165.0,3.144,0.0005,8631.31,False
R002_0515_GR,2424,1x36,midrange,rolling,85.0,164.0,3.032,0.0005,8658.05,False
R002_0515_GR,2432,1x36,midrange,rolling,83.0,175.0,3.163,0.0005,8684.94,False
R002_0515_GR,2440,1x36,midrange,rolling,85.0,184.0,3.275,0.0005,8712.62,False
R002_0515_GR,2448,1x36,midrange,rolling,85.0,167.0,3.256,0.0005,8739.85,False
R002_0515_GR,2456,1x36,midrange,rolling,86.0,151.0,3.312,0.0004,8768.0,False
R002_0515_GR,2464,1x36,midrange,rolling,87.0,173.0,3.303,0.0005,8795.32,False
R002_0515_GR,2472,1x36,midrange,rolling,87.0,163.0,3.331,0.0004,8822.6,False
R002_0515_GR,2480,1x36,midrange,rolling,85.0,211.0,3.163,0.0004,8850.05,False
R002_0515_GR,2488,1x36,midrange,rolling,83.0,241.0,3.144,0.0007000000000000001,8877.26,False
R002_0515_GR,2496,1x42,climbing,rolling,85.0,188.0,2.827,0.0007000000000000001,8901.76,True
R002_0515_GR,2504,1x42,climbing,rolling,87.0,172.0,2.809,0.0007000000000000001,8926.3,False
R002_0515_GR,2512,1x42,climbing,rolling,85.0,196.0,2.753,0.0007000000000000001,8950.17,False
R002_0515_GR,2520,1x42,climbing,rolling,86.0,204.0,3.014,0.0006,8975.23,False
R002_0515_GR,2528,1x42,climbing,rolling,85.0,204.0,2.986,0.0006,8999.36,False
R002_0515_GR,2536,1x42,climbing,rolling,87.0,222.0,3.06,0.0007000000000000001,9022.39,False
R002_0515_GR,2544,1x42,climbing,rolling,87.0,205.0,3.004,0.0007000000000000001,9046.07,False
R002_0515_GR,2552,1x42,climbing,rolling,87.0,167.0,2.995,0.0007000000000000001,9070.84,False
R002_0515_GR,2560,1x42,climbing,rolling,86.0,215.0,2.976,0.0007000000000000001,9094.59,False
R002_0515_GR,2568,1x42,climbing,rolling,84.0,218.0,2.939,0.0007000000000000001,9118.65,False
R002_0515_GR,2576,1x42,climbing,rolling,85.0,212.0,2.902,0.0005,9142.43,False
R002_0515_GR,2584,1x42,climbing,rolling,85.0,216.0,2.948,0.0008,9166.0,False
R002_0515_GR,2592,1x42,climbing,rolling,83.0,188.0,2.762,0.0009,9189.86,False
R002_0515_GR,2600,1x42,climbing,rolling,84.0,202.0,2.874,0.0006,9213.0,False
R002_0515_GR,2608,1x42,climbing,rolling,83.0,201.0,2.846,0.0006,9236.57,False
R002_0515_GR,2616,1x36,midrange,rolling,69.0,214.0,2.622,0.0007000000000000001,9258.81,True
R002_0515_GR,2624,1x42,climbing,rolling,85.0,203.0,2.911,0.0006,9282.51,True
R002_0515_GR,2632,1x42,climbing,rolling,85.0,207.0,2.893,0.0008,9305.56,False
R002_0515_GR,2640,1x42,climbing,rolling,86.0,191.0,2.958,0.0007000000000000001,9329.62,False
R002_0515_GR,2648,1x42,climbing,rolling,86.0,183.0,2.967,0.0006,9353.53,False
R002_0515_GR,2656,1x36,midrange,rolling,89.0,191.0,3.06,0.0007000000000000001,9377.79,True
R002_0515_GR,2664,1x36,midrange,rolling,82.0,187.0,3.247,0.0007000000000000001,9403.93,False
R002_0515_GR,2672,1x36,midrange,rolling,82.0,200.0,3.256,0.0005,9430.48,False
R002_0515_GR,2680,1x36,midrange,rolling,83.0,216.0,3.331,0.0005,9457.17,False
R002_0515_GR,2688,1x36,midrange,rolling,88.0,217.0,3.536,0.0006,9484.62,False
R002_0515_GR,2696,1x36,midrange,rolling,89.0,222.0,3.564,0.0004,9512.93,False
R002_0515_GR,2704,1x36,midrange,rolling,86.0,252.0,3.452,0.0006,9540.81,False
R002_0515_GR,2712,1x36,midrange,rolling,86.0,232.0,3.48,0.0008,9568.23,False
R002_0515_GR,2720,1x36,midrange,rolling,88.0,240.0,3.583,0.0006,9596.29,False
R002_0515_GR,2728,1x36,midrange,rolling,88.0,246.0,3.518,0.0006,9624.93,False
R002_0515_GR,2736,1x36,midrange,rolling,87.0,232.0,3.49,0.0008,9653.0,False
R002_0515_GR,2744,1x36,midrange,rolling,89.0,215.0,3.62,0.0006,9682.09,False
R002_0515_GR,2752,1x32,midrange,rolling,84.0,269.0,4.068,0.0005,9712.29,True
R002_0515_GR,2760,1x32,midrange,rolling,87.0,149.0,4.152,0.0006,9744.57,False
R002_0515_GR,2768,1x32,midrange,rolling,90.0,134.0,4.255,0.0002,9779.24,False
R002_0515_GR,2776,1x32,midrange,rolling,90.0,132.0,4.255,0.0003,9813.49,False
R002_0515_GR,2784,1x32,midrange,rolling,90.0,145.0,4.283,0.0002,9848.1,False
R002_0515_GR,2792,1x32,midrange,rolling,87.0,150.0,4.18,0.0004,9881.3,False
R002_0515_GR,2800,1x32,midrange,rolling,87.0,155.0,4.143,0.0002,9914.3,False
R002_0515_GR,2808,1x36,midrange,rolling,77.0,207.0,3.658,0.0005,9945.74,True
R002_0515_GR,2816,1x36,midrange,rolling,84.0,231.0,3.415,0.0006,9973.61,False
R002_0515_GR,2824,1x36,midrange,rolling,89.0,215.0,3.574,0.0006,10001.65,False
R002_0515_GR,2832,1x36,midrange,rolling,88.0,241.0,3.508,0.0006,10029.74,False
R002_0515_GR,2840,1x36,midrange,rolling,87.0,243.0,3.546,0.0007000000000000001,10057.61,False
R002_0515_GR,2848,1x36,midrange,rolling,89.0,208.0,3.583,0.0007000000000000001,10086.83,False
R002_0515_GR,2856,1x32,midrange,rolling,66.0,199.0,3.238,0.0007000000000000001,10113.91,True
R002_0515_GR,2864,1x28,midrange,rolling,74.0,121.0,4.283,0.0006,10145.36,True
R002_0515_GR,2872,1x25,midrange,rolling,75.0,73.0,4.768,0.0001,10182.64,True
R002_0515_GR,2880,1x25,midrange,rolling,80.0,75.0,5.328,0.0001,10222.53,False
R002_0515_GR,2888,1x22,high_speed,rolling,80.0,89.0,5.962,0.0,10268.78,True
R002_0515_GR,2896,1x22,high_speed,rolling,0.0,0.0,6.345,0.0,10318.64,False
R002_0515_GR,2904,1x22,high_speed,rolling,0.0,0.0,6.671,-0.0002,10370.91,False
R002_0515_GR,2912,1x22,high_speed,rolling,0.0,0.0,7.017,-0.0001,10425.94,False
R002_0515_GR,2920,1x22,high_speed,rolling,0.0,0.0,7.343,-0.0001,10482.98,False
R002_0515_GR,2928,1x25,midrange,rolling,24.0,1.0,7.502,-0.0002,10542.29,True
R002_0515_GR,2936,1x25,midrange,rolling,0.0,0.0,5.85,-0.0001,10598.19,False
R002_0515_GR,2944,1x28,midrange,rolling,0.0,0.0,5.123,-0.0003,10641.94,True
R002_0515_GR,2952,1x28,midrange,rolling,25.0,44.0,1.773,-0.0003,10665.9,False
R002_0515_GR,2960,1x28,midrange,rolling,62.0,163.0,3.471,-0.0004,10688.69,False
R002_0515_GR,2968,1x28,midrange,rolling,65.0,162.0,3.592,0.0004,10716.79,False
R002_0515_GR,2976,1x28,midrange,rolling,71.0,149.0,4.003,0.0003,10747.56,False
R002_0515_GR,2984,1x28,midrange,rolling,72.0,101.0,4.022,0.0002,10778.94,False
R002_0515_GR,2992,1x28,midrange,rolling,76.0,102.0,4.339,0.0002,10812.44,False
R002_0515_GR,3000,1x28,midrange,rolling,75.0,104.0,4.199,0.0002,10845.53,False
R002_0515_GR,3008,1x28,midrange,rolling,44.0,71.0,4.385,0.0001,10879.88,False
R002_0515_GR,3016,1x28,midrange,rolling,82.0,114.0,4.637,0.0002,10915.17,False
R002_0515_GR,3024,1x28,midrange,rolling,80.0,111.0,4.497,0.0002,10951.39,False
R002_0515_GR,3032,1x25,midrange,rolling,84.0,133.0,4.721,0.0001,10988.27,True
R002_0515_GR,3040,1x25,midrange,rolling,73.0,127.0,4.74,0.0,11026.44,False
R002_0515_GR,3048,1x25,midrange,rolling,80.0,81.0,5.318,0.0001,11066.6,False
R002_0515_GR,3056,1x22,high_speed,rolling,74.0,63.0,5.645,-0.0001,11110.28,True
R002_0515_GR,3064,1x22,high_speed,rolling,33.0,66.0,5.328,0.0001,11153.66,False
R002_0515_GR,3072,1x19,high_speed,rolling,68.0,42.0,6.252,0.0,11200.48,True
R002_0515_GR,3080,1x15,high_speed,rolling,91.0,8.0,9.424,-0.0005,11262.59,True
R002_0515_GR,3088,1x15,high_speed,rolling,0.0,0.0,12.233,-0.0007000000000000001,11350.89,False
R002_0515_GR,3096,1x19,high_speed,rolling,36.0,0.0,11.001,-0.0006,11448.93,True
R002_0515_GR,3104,1x22,high_speed,rolling,0.0,0.0,7.884,-0.0002,11524.89,True
R002_0515_GR,3112,1x28,midrange,rolling,78.0,294.0,4.245,0.0002,11567.17,True
R002_0515_GR,3120,1x28,midrange,rolling,75.0,336.0,4.245,0.0007000000000000001,11600.77,False
R002_0515_GR,3128,1x28,midrange,rolling,72.0,187.0,4.096,0.0006,11633.23,False
R002_0515_GR,3136,1x25,midrange,rolling,29.0,8.0,3.462,0.0001,11664.14,True
R002_0515_GR,3144,1x25,midrange,rolling,0.0,0.0,1.987,0.0,11685.96,False
R002_0515_GR,3152,1x25,midrange,rolling,0.0,0.0,0.0,0.0,11692.81,False
R002_0515_GR,3160,1x25,midrange,rolling,0.0,0.0,0.0,0.0,11692.81,False
R002_0515_GR,3168,1x25,midrange,rolling,0.0,0.0,0.0,0.0,11692.81,False
R002_0515_GR,3176,1x25,midrange,rolling,0.0,0.0,0.0,0.0,11692.81,False
R002_0515_GR,3184,1x25,midrange,rolling,0.0,0.0,0.0,0.0,11692.81,False
R002_0515_GR,3192,1x25,midrange,rolling,0.0,0.0,1.045,0.0034999999999999996,11693.29,False
R002_0515_GR,3200,1x25,midrange,rolling,0.0,0.0,0.69,0.0,11698.71,False
R002_0515_GR,3208,1x25,midrange,rolling,0.0,0.0,0.0,0.0,11699.24,False
R002_0515_GR,3216,1x25,midrange,rolling,0.0,0.0,0.0,0.0,11699.24,False
R002_0515_GR,3224,1x25,midrange,rolling,0.0,0.0,0.271,0.0,11699.24,False
R002_0515_GR,3232,1x25,midrange,rolling,0.0,0.0,0.0,0.0,11699.24,False
R002_0515_GR,3240,1x25,midrange,rolling,0.0,0.0,0.0,0.0,11699.24,False
R002_0515_GR,3248,1x25,midrange,rolling,0.0,0.0,0.0,0.0,11699.24,False
R002_0515_GR,3256,1x25,midrange,rolling,0.0,0.0,0.0,0.0,11699.24,False
R002_0515_GR,3264,1x25,midrange,rolling,0.0,0.0,1.512,-0.0060999999999999995,11702.66,False
R002_0515_GR,3272,1x28,midrange,rolling,21.0,7.0,2.211,-0.0001,11721.83,True
R002_0515_GR,3280,1x28,midrange,rolling,0.0,0.0,0.746,-0.0001,11735.93,False
R002_0515_GR,3288,1x28,midrange,rolling,0.0,0.0,0.0,0.0,11737.02,False
R002_0515_GR,3296,1x28,midrange,rolling,0.0,0.0,0.0,0.0,11737.02,False
R002_0515_GR,3304,1x28,midrange,rolling,0.0,0.0,0.0,0.0,11737.02,False
R002_0515_GR,3312,1x28,midrange,rolling,0.0,0.0,0.0,0.0,11737.02,False
R002_0515_GR,3320,1x28,midrange,rolling,0.0,0.0,0.0,0.0,11737.02,False
R002_0515_GR,3328,1x28,midrange,rolling,0.0,0.0,0.0,0.0,11737.02,False
R002_0515_GR,3336,1x28,midrange,rolling,0.0,0.0,0.0,0.0,11737.02,False
R002_0515_GR,3344,1x28,midrange,rolling,0.0,0.0,0.0,0.0,11737.02,False
R002_0515_GR,3352,1x28,midrange,rolling,0.0,0.0,0.0,0.0,11737.02,False
R002_0515_GR,3360,1x28,midrange,rolling,0.0,7.0,1.25,0.0028000000000000004,11739.44,False
R002_0515_GR,3368,1x28,midrange,rolling,16.0,59.0,0.877,-0.0006,11749.11,False
R002_0515_GR,3376,1x28,midrange,rolling,29.0,78.0,1.642,0.0002,11759.68,False
R002_0515_GR,3384,1x28,midrange,rolling,18.0,22.0,2.529,-0.0002,11779.3,False
R002_0515_GR,3392,1x28,midrange,rolling,0.0,3.0,3.238,0.0004,11802.0,False
R002_0515_GR,3400,1x22,high_speed,rolling,0.0,3.0,4.152,-0.0001,11832.18,True
R002_0515_GR,3408,1x22,high_speed,rolling,0.0,0.0,6.074,-0.0008,11872.66,False
R002_0515_GR,3416,1x22,high_speed,rolling,0.0,0.0,2.183,-0.0007000000000000001,11911.51,False
R002_0515_GR,3424,1x19,high_speed,rolling,0.0,0.0,5.188,-0.0002,11944.24,True
R002_0515_GR,3432,1x15,high_speed,rolling,88.0,162.0,8.985,-0.0005,12000.74,True
R002_0515_GR,3440,1x11,high_speed,rolling,12.0,1.0,12.382,-0.0005,12086.74,True
R002_0515_GR,3448,1x11,high_speed,rolling,14.0,0.0,14.444,-0.0005,12194.62,False
R002_0515_GR,3456,1x11,high_speed,rolling,0.0,0.0,15.162,-0.0006,12315.0,False
R002_0515_GR,3464,1x11,high_speed,rolling,0.0,0.0,14.463,-0.0006,12436.39,False
R002_0515_GR,3472,1x11,high_speed,rolling,0.0,0.0,14.481,-0.0007000000000000001,12549.78,False
R002_0515_GR,3480,1x11,high_speed,rolling,0.0,0.0,13.035,-0.0008,12662.98,False
R002_0515_GR,3488,1x11,high_speed,rolling,84.0,196.0,13.287,-0.0006,12765.8,False
R002_0515_GR,3496,1x11,high_speed,rolling,96.0,187.0,15.162,-0.0008,12882.97,False
R002_0515_GR,3504,1x11,high_speed,rolling,0.0,0.0,14.313,-0.0005,13000.35,False
R002_0515_GR,3512,1x11,high_speed,rolling,0.0,0.0,13.66,-0.0005,13111.02,False
R002_0515_GR,3520,1x11,high_speed,rolling,0.0,0.0,11.85,-0.0005,13213.39,False
R002_0515_GR,3528,1x11,high_speed,rolling,81.0,213.0,12.764,-0.0006,13310.17,False
R002_0515_GR,3536,1x11,high_speed,rolling,0.0,0.0,14.556,-0.0008,13421.62,False
R002_0515_GR,3544,1x11,high_speed,rolling,0.0,0.0,12.177,-0.0005,13531.4,False
R002_0515_GR,3552,1x13,high_speed,rolling,86.0,149.0,12.065,-0.0003,13629.05,True
R002_0515_GR,3560,1x13,high_speed,rolling,89.0,255.0,11.467,-0.0003,13725.65,False
R002_0515_GR,3568,1x13,high_speed,rolling,0.0,0.0,11.738,-0.0001,13813.77,False
R002_0515_GR,3576,1x13,high_speed,rolling,0.0,0.0,11.953,-0.0009,13909.45,False
R002_0515_GR,3584,1x13,high_speed,rolling,0.0,0.0,14.519,-0.0008,14016.47,False
R002_0515_GR,3592,1x13,high_speed,rolling,0.0,0.0,12.261,-0.0007000000000000001,14125.27,False
R002_0515_GR,3600,1x13,high_speed,rolling,22.0,0.0,13.744,-0.0005,14227.1,False
R002_0515_GR,3608,1x13,high_speed,rolling,0.0,0.0,12.475,-0.0007000000000000001,14337.14,False
R002_0515_GR,3616,1x11,high_speed,rolling,77.0,277.0,12.289,-0.0009,14430.67,True
R002_0515_GR,3624,1x11,high_speed,rolling,96.0,240.0,15.246,-0.0006,14542.38,False
R002_0515_GR,3632,1x11,high_speed,rolling,0.0,0.0,15.554,-0.0008,14667.17,False
R002_0515_GR,3640,1x11,high_speed,rolling,0.0,0.0,16.002,-0.0006,14794.63,False
R002_0515_GR,3648,1x11,high_speed,rolling,0.0,0.0,15.816,-0.0007000000000000001,14922.28,False
R002_0515_GR,3656,1x11,high_speed,rolling,0.0,0.0,15.797,-0.0007000000000000001,15048.9,False
R002_0515_GR,3664,1x11,high_speed,rolling,0.0,0.0,15.862,-0.0006,15176.45,False
R002_0515_GR,3672,1x11,high_speed,rolling,0.0,0.0,15.078,-0.0007000000000000001,15300.57,False
R002_0515_GR,3680,1x11,high_speed,rolling,0.0,0.0,14.453,-0.0008,15417.37,False
R002_0515_GR,3688,1x11,high_speed,rolling,0.0,0.0,15.106,-0.0006,15536.88,False
R002_0515_GR,3696,1x11,high_speed,rolling,0.0,0.0,13.865,-0.0005,15651.9,False
R002_0515_GR,3704,1x11,high_speed,rolling,0.0,0.0,13.287,-0.0004,15760.03,False
R002_0515_GR,3712,1x11,high_speed,rolling,0.0,0.0,11.738,-0.0005,15861.65,False
R002_0515_GR,3720,1x11,high_speed,rolling,0.0,0.0,13.091,-0.0006,15961.01,False
R002_0515_GR,3728,1x11,high_speed,rolling,0.0,0.0,12.531,-0.0008,16059.3,False
R002_0515_GR,3736,1x11,high_speed,rolling,82.0,317.0,12.82,-0.0006,16160.31,False
R002_0515_GR,3744,1x11,high_speed,rolling,76.0,270.0,12.037,-0.0002,16259.43,False
R002_0515_GR,3752,1x11,high_speed,rolling,80.0,129.0,12.867,-0.0002,16356.89,False
R002_0515_GR,3760,1x11,high_speed,rolling,0.0,0.0,14.145,-0.0007000000000000001,16466.42,False
R002_0515_GR,3768,1x11,high_speed,rolling,96.0,203.0,15.162,-0.0007000000000000001,16582.37,False
R002_0515_GR,3776,1x11,high_speed,rolling,0.0,0.0,14.239,-0.0006,16701.85,False
R002_0515_GR,3784,1x11,high_speed,rolling,0.0,0.0,14.099,-0.0004,16814.23,False
R002_0515_GR,3792,1x11,high_speed,rolling,0.0,0.0,13.52,-0.0005,16927.85,False
R002_0515_GR,3800,1x11,high_speed,rolling,0.0,0.0,11.383,-0.0003,17026.94,False
R002_0515_GR,3808,1x11,high_speed,rolling,0.0,0.0,11.766,-0.0004,17118.37,False
R002_0515_GR,3816,1x11,high_speed,rolling,0.0,0.0,13.24,-0.0007000000000000001,17220.11,False
R002_0515_GR,3824,1x11,high_speed,rolling,0.0,0.0,11.831,-0.0009,17324.73,False
R002_0515_GR,3832,1x11,high_speed,rolling,0.0,0.0,12.428,-0.0006,17418.52,False
R002_0515_GR,3840,1x11,high_speed,rolling,0.0,0.0,11.841,-0.0007000000000000001,17516.88,False
R002_0515_GR,3848,1x11,high_speed,rolling,22.0,0.0,12.606,-0.0006,17615.39,False
R002_0515_GR,3856,1x11,high_speed,rolling,0.0,0.0,11.738,-0.0007000000000000001,17713.85,False
R002_0515_GR,3864,1x11,high_speed,rolling,0.0,0.0,12.568,-0.0007000000000000001,17806.81,False
R002_0515_GR,3872,1x17,high_speed,rolling,48.0,0.0,14.08,-0.0008,17917.48,True
R002_0515_GR,3880,1x17,high_speed,rolling,0.0,0.0,12.932,-0.0007000000000000001,18028.25,False
R002_0515_GR,3888,1x17,high_speed,rolling,100.0,432.0,9.704,-0.0002,18122.39,False
R002_0515_GR,3896,1x15,high_speed,rolling,76.0,720.0,8.454,0.0007000000000000001,18192.56,True
R002_0515_GR,3904,1x15,high_speed,rolling,66.0,589.0,7.082,0.0006,18256.76,False
R002_0515_GR,3912,1x15,high_speed,rolling,33.0,30.0,7.073,0.0006,18312.76,False
R002_0515_GR,3920,1x15,high_speed,rolling,12.0,0.0,9.555,-0.0004,18379.05,False
R002_0515_GR,3928,1x13,high_speed,rolling,0.0,0.0,11.355,-0.0008,18464.36,True
R002_0515_GR,3936,1x13,high_speed,rolling,0.0,0.0,12.298,-0.0008,18560.34,False
R002_0515_GR,3944,1x11,high_speed,rolling,0.0,0.0,11.533,-0.0005,18656.84,True
R002_0515_GR,3952,1x13,high_speed,rolling,18.0,12.0,10.469,0.0,18745.13,True
R002_0515_GR,3960,1x13,high_speed,rolling,0.0,0.0,10.413,-0.0001,18825.26,False
R002_0515_GR,3968,1x13,high_speed,rolling,0.0,0.0,12.27,-0.0009,18918.02,False
R002_0515_GR,3976,1x13,high_speed,rolling,0.0,0.0,12.951,-0.0009,19019.73,False
R002_0515_GR,3984,1x11,high_speed,rolling,0.0,0.0,12.634,-0.0006,19122.91,True
R002_0515_GR,3992,1x11,high_speed,rolling,80.0,381.0,12.587,-0.0003,19222.89,False
R002_0515_GR,4000,1x11,high_speed,rolling,87.0,222.0,13.8,-0.0005,19330.62,False
R002_0515_GR,4008,1x11,high_speed,rolling,0.0,0.0,14.164,-0.0007000000000000001,19445.19,False
R002_0515_GR,4016,1x11,high_speed,rolling,0.0,0.0,14.369,-0.0005,19558.45,False
R002_0515_GR,4024,1x11,high_speed,rolling,0.0,0.0,15.209,-0.0007000000000000001,19676.65,False
R002_0515_GR,4032,1x11,high_speed,rolling,0.0,0.0,15.554,-0.0005,19800.99,False
R002_0515_GR,4040,1x17,high_speed,rolling,45.0,0.0,12.699,-0.0006,19914.34,True
R002_0515_GR,4048,1x17,high_speed,rolling,0.0,0.0,7.185,-0.0005,20000.8,False
R002_0515_GR,4056,1x17,high_speed,rolling,63.0,266.0,6.438,-0.0007000000000000001,20043.2,False
R002_0515_GR,4064,1x17,high_speed,rolling,83.0,247.0,8.118,-0.0004,20104.77,False
R002_0515_GR,4072,1x17,high_speed,rolling,81.0,358.0,7.987,0.0001,20170.11,False
R002_0515_GR,4080,1x19,high_speed,rolling,74.0,221.0,7.166,0.0002,20232.59,True
R002_0515_GR,4088,1x19,high_speed,rolling,21.0,2.0,6.849,0.0002,20288.2,False
R002_0515_GR,4096,1x19,high_speed,rolling,69.0,327.0,6.448,0.0004,20335.76,False
R002_0515_GR,4104,1x19,high_speed,rolling,42.0,25.0,6.308,0.0001,20385.45,False
R002_0515_GR,4112,1x19,high_speed,rolling,28.0,1.0,6.214,0.0,20427.74,False
R002_0515_GR,4120,1x19,high_speed,rolling,0.0,0.0,8.743,-0.0009,20492.15,False
R002_0515_GR,4128,1x19,high_speed,rolling,0.0,0.0,10.506,-0.0007000000000000001,20570.06,False
R002_0515_GR,4136,1x19,high_speed,rolling,0.0,0.0,8.995,-0.0009,20650.35,False
R002_0515_GR,4144,1x19,high_speed,rolling,35.0,158.0,4.311,-0.0003,20692.15,False
R002_0515_GR,4152,1x17,high_speed,rolling,0.0,0.0,6.681,-0.0006,20740.98,True
R002_0515_GR,4160,1x17,high_speed,rolling,0.0,0.0,3.172,-0.0007000000000000001,20781.64,False
R002_0515_GR,4168,1x17,high_speed,rolling,0.0,0.0,0.0,0.0,20786.79,False
R002_0515_GR,4176,1x17,high_speed,rolling,0.0,0.0,2.921,-0.0009,20797.1,False
R002_0515_GR,4184,1x17,high_speed,rolling,68.0,382.0,6.699,-0.0004,20833.41,False
R002_0515_GR,4192,1x15,high_speed,rolling,0.0,0.0,9.611,-0.0004,20901.35,True
R002_0515_GR,4200,1x15,high_speed,rolling,0.0,0.0,11.16,-0.0007000000000000001,20987.53,False
R002_0515_GR,4208,1x15,high_speed,rolling,0.0,0.0,7.884,-0.0007000000000000001,21071.2,False
R002_0515_GR,4216,1x22,high_speed,rolling,65.0,121.0,4.843,-0.0001,21115.58,True
R002_0515_GR,4224,1x17,high_speed,rolling,77.0,318.0,6.821,0.0001,21163.2,True
R002_0515_GR,4232,1x19,high_speed,rolling,0.0,0.0,3.994,0.0002,21210.01,True
R002_0515_GR,4240,1x19,high_speed,rolling,0.0,0.0,0.467,0.0011,21224.05,False
R002_0515_GR,4248,1x19,high_speed,rolling,0.0,0.0,0.205,0.0011,21224.26,False
R002_0515_GR,4256,1x19,high_speed,rolling,0.0,0.0,0.0,0.0,21225.3,False
